190
0 831 533 405 512 433 549 336 916 832 643 432 702 886 208 880 417 278 455 346 564 178 293 337 621 262 603 249 474 227 308 270 731 894 559 895 673 70 338 659 497 682 532 167 444 92 318 929 778 663 455 793 930 484 922 111 765 255 814 737 611 451 226 408 768 112 921 731 660 522 587 713 512 140 330 607 188 231 517 436 494 183 870 238 716 201 307 546 463 766 838 553 303 604 254 829 318 674 10 488 718 555 337 794 307 870 671 781 535 710 590 849 417 742 530 844 449 345 905 774 180 608 215 634 81 346 954 289 439 856 685 258 777 288 617 752 701 843 883 637 186 431 666 458 451 370 479 1003 439 811 381 789 24 661 760 680 535 967 816 277 744 116 329 884 413 406 463 872 777 396 560 484 430 97 49 725 296 788 449 799 124 486 273 699 235 56 188 246 233 304 
831 0 916 959 421 507 828 502 524 479 201 400 313 583 839 100 731 953 379 974 689 707 541 810 210 903 375 588 597 939 901 661 233 88 357 503 773 895 674 212 914 336 696 741 515 742 693 102 307 187 841 107 235 860 531 780 599 836 261 114 246 435 606 1063 75 941 651 119 184 685 465 351 503 863 942 361 735 680 824 495 348 667 677 815 212 866 919 383 1070 551 645 383 821 251 648 363 625 641 841 523 151 798 536 484 990 313 414 51 497 287 757 281 668 550 564 43 878 808 509 674 689 324 770 256 819 548 135 929 1019 104 222 998 252 560 578 704 141 150 87 196 646 888 282 400 614 1031 422 220 1051 243 570 609 854 592 73 281 449 708 301 893 243 747 504 52 997 445 1045 464 56 1091 572 565 1093 924 806 112 862 229 850 39 788 921 744 675 846 880 821 668 603 902 
533 916 0 938 832 423 1049 630 1243 1160 727 614 631 1245 737 905 197 809 620 878 1019 646 600 852 755 795 905 507 318 756 840 360 704 932 840 1218 1142 577 292 704 39 604 993 659 411 502 290 1013 684 832 92 942 874 998 1250 432 1157 781 743 802 677 506 564 934 888 584 1299 872 741 980 940 609 885 400 863 557 679 689 93 437 613 607 1269 295 925 339 840 533 993 1138 1232 853 823 805 691 1105 751 1097 538 873 764 1046 458 1132 835 1113 994 871 905 655 1065 1080 876 1118 354 902 970 859 1229 1192 431 876 329 856 451 722 986 823 972 877 896 776 720 486 1022 1185 780 1008 998 782 553 955 914 556 883 898 789 984 969 1032 785 1180 528 1066 848 646 877 1355 719 809 704 603 557 955 946 535 995 1184 881 913 967 351 952 585 571 852 239 743 964 902 641 1011 769 1131 299 515 345 376 587 837 
405 959 938 0 540 747 250 510 801 734 822 634 957 739 204 1039 806 145 656 81 364 334 494 149 771 143 607 532 827 197 98 634 954 1041 605 788 411 373 713 859 903 945 334 305 763 447 698 1036 1028 772 857 880 1131 164 804 508 603 167 1045 901 813 724 466 128 883 385 745 840 835 336 538 981 473 543 78 876 293 322 916 743 708 388 674 642 773 605 98 816 112 631 655 582 149 707 346 789 341 491 401 448 900 277 637 693 142 855 625 915 487 954 339 848 298 608 873 987 118 150 797 572 538 646 614 706 486 422 1094 119 60 1022 750 215 1008 578 482 532 865 904 976 774 446 95 702 702 357 119 536 1170 95 830 388 622 413 509 902 920 524 770 1061 128 971 351 564 1009 41 658 87 783 903 179 446 827 154 376 367 847 701 1010 144 920 304 117 232 495 640 432 593 609 450 101 
512 421 832 540 0 440 416 208 421 336 322 235 504 413 448 508 637 553 241 564 291 345 248 394 258 502 90 339 561 550 492 479 470 506 64 398 401 560 539 370 813 505 289 373 458 445 544 496 560 237 740 339 615 439 428 511 330 434 557 381 335 367 308 651 345 606 467 302 330 276 110 541 91 600 531 458 359 302 761 428 280 328 442 608 235 631 511 416 652 306 404 44 410 176 270 317 225 299 520 105 391 389 374 303 588 360 168 381 98 491 360 341 247 287 571 453 457 391 408 379 445 108 558 166 536 168 557 525 600 495 210 610 524 348 219 386 348 368 436 252 342 466 167 317 193 622 42 637 634 309 160 352 536 256 371 459 50 523 584 489 490 402 274 471 580 311 626 369 366 684 183 539 680 587 472 312 674 518 428 382 426 500 340 337 632 568 589 470 291 493 
433 507 423 747 440 0 760 275 830 750 310 206 282 842 555 518 228 666 205 719 685 413 268 614 332 629 499 215 120 628 655 180 331 541 434 806 808 504 168 297 415 258 667 444 18 344 189 609 355 409 340 521 528 738 838 340 771 581 401 394 261 82 280 801 470 541 901 451 325 653 551 284 512 401 692 186 454 428 339 13 190 358 882 323 502 385 666 133 838 744 844 452 601 383 411 686 447 732 443 508 361 746 109 726 703 690 590 459 529 296 745 657 566 726 137 502 727 618 816 818 253 463 287 435 384 385 599 661 799 490 473 675 367 168 652 821 367 587 584 358 302 722 495 134 549 762 400 621 814 608 449 792 448 693 436 272 490 960 395 632 339 411 198 552 772 129 827 769 466 805 604 99 827 529 434 432 360 384 710 489 463 775 522 769 356 463 344 198 298 653 
549 828 1049 250 416 760 0 488 570 512 736 593 905 500 351 920 884 368 610 323 146 402 493 214 674 337 453 567 865 407 290 702 882 915 475 560 160 545 782 781 1018 901 132 394 779 550 774 889 968 650 960 734 1031 86 571 626 367 304 970 797 742 713 500 376 753 574 499 710 745 142 366 938 327 688 305 842 373 360 1006 753 660 443 426 762 622 744 306 789 338 402 410 447 251 592 363 588 315 256 550 310 807 33 659 473 381 659 439 792 331 896 95 660 196 381 897 863 134 206 568 325 619 504 721 573 621 378 961 333 291 909 606 445 936 605 273 284 764 742 825 668 500 158 549 675 228 370 431 1047 333 653 316 382 566 286 784 862 380 521 995 315 901 452 562 874 287 645 305 561 776 429 259 855 399 559 502 724 829 932 115 789 425 141 282 252 770 594 719 681 477 294 
336 502 630 510 208 275 488 0 629 544 327 124 446 620 350 561 440 467 147 503 411 208 44 365 292 420 292 131 386 445 431 273 446 571 236 605 535 396 338 357 609 435 392 243 293 255 340 597 517 327 538 457 633 473 636 312 526 359 537 417 309 226 112 591 434 442 671 396 343 378 311 471 254 401 472 368 241 193 565 266 198 165 638 401 382 426 447 309 614 509 601 239 361 267 165 515 179 470 345 244 407 472 183 511 505 546 376 452 274 444 470 521 292 488 412 519 469 367 616 563 238 282 350 299 342 110 630 450 568 540 350 502 500 144 392 559 380 507 548 305 151 468 337 194 275 555 166 690 592 480 174 549 360 436 433 410 248 725 551 416 463 245 78 554 543 157 596 576 446 609 340 372 620 424 306 392 466 503 448 467 287 517 278 505 425 389 383 262 103 431 
916 524 1243 801 421 830 570 629 0 85 590 629 783 85 799 621 1045 876 626 858 437 739 669 693 532 830 339 761 950 893 799 898 715 598 402 24 431 952 953 637 1227 796 467 758 847 859 960 518 806 455 1153 421 757 644 8 929 203 768 773 578 631 749 728 930 479 996 141 459 586 467 329 824 404 1016 830 781 740 688 1166 817 643 736 197 1030 358 1051 819 763 902 170 185 392 725 454 662 164 600 313 922 427 613 537 786 122 902 213 253 524 380 760 474 243 536 193 946 566 686 686 15 262 866 368 979 401 951 574 613 841 852 628 377 948 754 767 324 307 569 375 463 508 759 707 338 697 483 913 462 710 893 281 535 191 939 292 535 738 386 190 811 810 732 800 692 541 842 708 870 64 503 977 372 923 955 977 871 485 1095 736 657 498 812 708 685 321 1053 972 1009 890 709 802 
832 479 1160 734 336 750 512 544 85 0 522 547 718 105 720 579 963 801 545 786 372 655 584 619 461 754 255 675 870 816 725 813 654 559 319 62 386 869 869 570 1143 729 400 676 766 774 876 488 746 387 1069 372 714 581 92 844 159 691 718 520 561 669 642 861 425 913 174 401 519 398 244 759 320 931 758 709 657 605 1084 737 565 651 201 945 294 965 745 688 838 113 174 307 649 379 578 118 517 257 838 344 553 478 702 41 829 187 168 472 297 696 418 208 459 130 868 522 621 613 73 231 780 287 894 326 866 489 581 767 786 582 309 871 696 682 252 273 507 337 429 438 674 641 263 617 405 843 377 678 827 236 451 156 855 226 480 672 300 233 755 734 671 716 607 504 775 626 806 49 451 907 295 844 888 894 787 426 1010 679 592 449 729 646 606 273 968 888 924 805 624 728 
643 201 727 822 322 310 736 327 590 522 0 211 197 626 676 237 537 793 188 825 614 536 361 672 67 746 322 395 408 773 752 460 149 252 272 566 719 709 474 50 722 206 611 571 319 552 492 303 241 135 648 216 308 749 598 584 598 682 235 94 49 234 422 914 161 754 693 149 17 598 407 238 414 664 793 194 568 518 637 296 150 491 697 614 233 666 769 195 930 557 660 301 676 159 487 429 480 604 653 426 79 710 336 511 832 411 397 151 417 178 683 376 553 547 384 204 758 672 575 664 492 266 569 203 624 399 312 774 881 214 213 830 202 363 527 682 60 283 274 85 461 763 262 199 508 879 304 363 909 327 439 614 664 556 128 150 366 753 262 739 168 568 314 249 858 246 909 526 156 935 502 377 943 737 622 126 661 196 733 179 613 805 594 642 645 689 621 468 423 752 
432 400 614 634 235 206 593 124 629 547 211 0 323 637 472 449 416 590 23 627 498 328 151 487 190 544 294 188 326 566 556 286 322 462 229 605 618 498 327 235 599 314 485 364 223 342 338 499 393 246 525 375 512 587 637 382 565 483 413 305 187 132 210 715 340 543 695 307 228 471 346 350 312 467 596 250 363 317 536 193 73 281 676 436 324 477 571 196 738 538 638 246 485 200 289 492 298 531 442 312 289 574 162 522 628 506 385 349 327 320 562 476 398 520 335 411 587 489 615 615 293 261 387 247 420 220 522 574 692 425 292 622 375 166 451 619 268 433 458 210 250 588 301 85 369 679 196 574 716 430 276 586 454 490 328 286 285 754 427 540 339 357 104 452 667 79 720 570 346 732 407 304 744 526 411 297 493 380 565 369 403 635 402 569 465 480 432 286 212 555 
702 313 631 957 504 282 905 446 783 718 197 323 0 822 787 278 467 903 302 946 794 640 465 811 263 860 516 459 326 873 876 462 80 307 462 759 905 773 441 147 637 27 787 675 279 610 465 399 75 331 569 380 251 907 791 617 795 802 120 214 170 251 509 1033 318 813 889 326 198 774 598 41 595 683 916 96 678 637 537 274 250 588 894 603 425 666 890 156 1059 754 857 490 808 354 611 619 621 796 712 604 174 883 365 708 942 592 594 282 602 26 862 557 714 744 278 288 910 812 767 860 527 462 569 400 661 542 357 891 1014 250 409 926 90 415 718 877 214 444 400 282 542 911 460 257 677 996 478 355 1037 510 594 811 719 748 264 46 552 949 114 858 74 656 399 340 989 306 1042 719 300 1046 687 294 1061 799 695 300 632 112 886 315 707 957 724 834 635 738 626 479 519 875 
886 583 1245 739 413 842 500 620 85 105 626 637 822 0 753 682 1049 822 637 799 375 707 657 640 564 778 342 751 963 843 744 893 759 662 408 91 354 917 953 675 1226 833 407 723 859 836 958 587 852 491 1154 477 818 578 82 909 135 719 823 625 663 763 711 867 531 958 68 506 623 409 310 863 378 994 773 811 704 655 1172 829 660 710 112 1017 399 1032 764 787 836 119 101 392 673 479 631 220 567 247 891 399 658 468 787 117 847 282 252 577 355 800 405 307 488 143 964 626 622 632 92 182 852 382 967 427 927 552 681 787 787 687 413 896 802 762 274 227 612 439 529 541 740 643 365 710 441 853 456 778 828 339 506 117 909 236 585 776 371 127 860 757 777 769 688 606 779 716 804 124 556 916 328 938 892 940 839 531 1084 785 594 554 775 640 642 248 1039 941 993 883 691 747 
208 839 737 204 448 555 351 350 799 720 676 472 787 753 0 907 602 117 496 163 396 146 322 136 635 73 532 340 628 102 106 431 795 914 508 781 490 194 510 707 702 772 362 112 570 243 494 927 861 654 655 776 983 279 803 305 623 47 885 764 659 543 280 247 766 223 777 725 692 355 487 807 410 349 138 700 109 159 712 553 545 200 717 441 680 409 111 638 283 635 689 492 99 589 191 745 222 519 206 384 756 362 446 679 155 800 578 791 431 788 407 785 264 611 676 861 241 145 791 616 335 556 411 602 287 292 971 105 248 887 652 162 847 387 478 586 727 813 872 644 253 223 615 529 315 209 429 1037 259 757 288 645 221 518 774 754 451 816 896 78 811 148 387 891 221 481 275 766 782 260 427 629 275 208 166 726 503 852 244 802 100 277 114 537 442 246 393 406 267 103 
880 100 905 1039 508 518 920 561 621 579 237 449 278 682 907 0 731 1023 426 1049 784 770 597 889 271 974 470 632 592 1005 976 685 201 31 446 601 871 947 686 226 908 304 789 805 522 789 707 132 248 271 837 208 136 948 628 818 700 909 193 144 271 455 659 1138 169 992 750 210 220 778 560 309 593 897 1017 349 800 748 812 506 386 726 777 837 311 893 994 386 1149 652 746 473 898 333 716 462 700 740 890 612 163 891 566 585 1061 408 514 127 589 252 852 377 754 650 550 58 964 888 606 775 726 416 796 347 859 621 82 1002 1099 28 318 1064 198 599 675 804 181 245 162 265 699 972 379 430 702 1105 504 130 1129 343 650 710 901 691 137 259 539 807 232 966 203 805 551 83 1077 480 1126 562 144 1163 666 559 1168 975 860 195 878 173 936 136 849 1008 818 775 869 926 849 696 660 976 
417 731 197 806 637 228 884 440 1045 963 537 416 467 1049 602 731 0 692 422 757 839 488 412 700 561 668 708 323 141 643 708 181 534 756 643 1021 963 476 103 519 186 441 815 508 218 359 110 831 530 637 111 750 718 842 1053 305 964 641 585 617 488 310 386 825 698 498 1104 680 552 802 746 453 694 315 737 383 525 524 125 242 417 442 1077 199 729 267 712 348 876 943 1039 657 676 608 521 908 575 909 424 683 581 877 262 935 723 916 798 685 714 488 890 884 702 924 194 722 819 706 1031 1003 270 678 202 659 340 537 813 698 848 703 699 675 558 296 832 998 593 816 811 587 383 808 716 359 702 787 594 822 852 835 602 987 420 876 662 474 683 1161 568 679 537 456 364 773 821 338 873 986 693 813 779 173 847 493 443 661 190 579 809 715 502 864 612 944 223 418 246 203 410 705 
278 953 809 145 553 666 368 467 876 801 793 590 903 822 117 1023 692 0 613 70 451 263 440 183 751 50 633 453 732 53 80 530 912 1030 615 860 524 234 606 824 772 889 417 228 680 337 588 1039 978 767 732 886 1100 284 880 387 688 118 1002 880 776 659 395 135 880 242 838 837 809 414 579 923 505 409 68 816 226 275 795 665 663 315 772 515 787 471 62 753 185 708 748 597 152 702 306 838 330 579 272 478 873 388 558 760 38 897 670 905 524 905 444 885 342 684 782 976 237 190 869 670 433 661 493 712 359 404 1086 36 164 1003 760 77 965 500 552 635 843 920 983 759 366 213 721 646 399 96 538 1153 161 859 392 709 281 587 889 872 550 871 1013 66 929 255 504 1005 140 597 186 848 896 142 505 736 161 233 249 840 570 970 253 915 203 255 212 591 509 296 465 505 384 76 
455 379 620 656 241 205 610 147 626 545 188 23 302 637 496 426 422 613 0 650 511 352 175 509 170 567 294 209 325 589 578 300 299 439 229 601 630 521 336 212 607 294 500 387 222 364 349 479 372 230 532 357 488 606 633 402 569 506 390 282 163 127 233 738 320 566 696 289 205 486 351 330 322 486 619 232 386 340 540 192 51 304 680 451 312 495 594 181 761 540 641 248 507 188 312 485 318 540 464 324 266 590 174 520 651 496 385 327 336 298 577 465 416 523 330 389 607 510 611 621 312 258 403 237 440 240 499 597 714 402 280 645 353 184 459 627 246 417 438 191 272 608 294 76 384 702 204 551 738 418 294 590 476 498 306 264 292 755 405 563 316 380 125 430 689 85 742 565 326 756 417 301 767 549 433 278 506 357 585 349 427 655 424 578 481 502 450 301 236 578 
346 974 878 81 564 719 323 503 858 786 825 627 946 799 163 1049 757 70 650 0 424 308 480 172 778 90 638 504 790 124 73 591 950 1054 627 843 483 305 668 858 842 932 392 275 734 400 651 1057 1019 787 801 902 1133 237 861 454 664 143 1040 908 811 705 442 89 900 312 810 857 839 391 576 967 506 479 32 861 268 309 862 717 701 362 741 584 799 541 56 799 120 687 719 607 153 722 338 833 349 553 340 480 904 348 610 745 61 895 666 929 523 945 407 886 335 664 839 1000 189 177 852 638 494 672 560 727 427 428 1109 59 94 1031 774 134 1003 551 534 600 871 931 999 784 417 164 730 689 394 58 554 1180 96 864 405 684 350 566 914 912 555 838 1053 88 967 311 547 1026 69 642 117 835 918 122 493 793 118 304 314 862 640 1007 211 936 260 197 231 560 579 366 534 566 429 72 
564 689 1019 364 291 685 146 411 437 372 614 498 794 375 396 784 839 451 511 424 0 393 429 270 549 409 314 516 798 477 371 660 762 777 345 424 124 578 736 661 992 793 33 397 704 541 732 746 852 517 927 592 900 209 440 618 240 356 849 667 626 626 455 492 615 615 387 574 622 42 224 829 200 693 398 741 375 342 965 676 558 418 322 747 480 743 390 692 466 266 297 316 306 462 331 442 268 129 567 190 681 113 593 332 473 513 293 657 197 782 69 514 147 244 822 726 249 262 433 220 590 367 701 438 623 304 821 415 414 775 467 526 816 547 127 190 636 597 682 541 467 269 408 583 137 478 316 909 456 507 239 260 584 146 650 749 249 421 876 387 781 452 490 734 405 561 434 422 639 541 117 783 518 598 515 589 816 809 220 651 442 274 294 141 761 616 711 643 431 374 
178 707 646 334 345 413 402 208 739 655 536 328 640 707 146 770 488 263 352 308 393 0 177 212 499 219 435 198 495 237 242 309 650 779 398 718 508 215 389 564 615 626 362 35 429 149 378 799 714 527 558 653 840 353 744 227 587 168 739 626 515 397 134 393 637 261 743 597 552 351 411 660 335 300 279 553 40 52 607 410 401 55 692 360 565 350 253 491 426 587 659 388 191 463 77 659 139 498 184 311 615 401 304 616 301 705 497 658 358 641 427 686 245 563 539 726 331 218 728 598 219 447 318 484 230 177 837 251 385 748 535 294 702 244 438 578 588 696 747 511 113 320 507 383 273 355 317 898 402 652 203 610 201 483 640 608 362 789 750 220 666 62 241 760 358 335 413 696 650 405 381 493 421 242 132 596 428 708 320 671 82 376 123 524 370 234 320 286 121 240 
293 541 600 494 248 268 493 44 669 584 361 151 465 657 322 597 412 440 175 480 429 177 0 353 330 395 334 94 372 414 410 240 472 608 279 646 553 355 310 387 577 452 407 212 286 211 309 637 538 369 507 499 663 471 676 268 559 337 562 453 338 231 68 567 475 401 706 437 378 394 347 488 286 357 450 382 213 172 538 261 223 129 671 360 426 383 424 321 594 544 635 281 345 310 148 558 179 497 303 273 440 480 166 550 478 590 416 490 307 465 484 565 300 523 403 557 462 356 656 592 196 326 310 343 298 125 668 425 550 575 394 470 524 117 421 585 416 550 589 345 108 459 381 209 291 531 207 724 571 524 190 582 317 466 471 432 286 760 574 392 489 207 71 593 524 164 578 617 485 582 367 361 596 383 265 432 426 530 444 507 252 510 262 531 384 346 341 227 62 409 
337 810 852 149 394 614 214 365 693 619 672 487 811 640 136 889 700 183 509 172 270 212 353 0 621 138 466 403 704 206 106 521 805 892 458 677 355 330 602 710 819 801 236 193 631 350 590 890 881 623 765 734 981 147 697 422 506 90 896 751 664 585 335 257 735 360 657 692 686 232 403 837 333 477 141 733 175 186 817 609 561 263 593 559 629 535 126 673 260 525 567 437 37 558 204 661 192 398 336 307 750 225 506 578 209 723 494 766 350 807 272 713 163 501 745 838 119 8 687 490 430 502 522 559 411 273 946 148 209 872 604 256 860 447 369 458 715 761 830 624 323 109 559 559 221 231 388 1020 240 691 239 527 352 404 753 773 382 691 913 117 823 249 424 861 187 517 237 667 754 295 324 700 286 345 290 698 624 861 112 772 215 164 92 411 563 379 514 498 315 108 
621 210 755 771 258 332 674 292 532 461 67 190 263 564 635 271 561 751 170 778 549 499 330 621 0 702 255 378 441 734 705 464 215 279 206 508 653 684 488 117 748 270 548 534 344 532 504 309 308 79 673 191 362 691 540 572 531 637 299 130 99 251 395 867 150 730 630 121 72 535 340 303 350 656 746 248 529 476 669 318 149 458 632 617 178 664 723 236 881 491 595 235 628 92 444 374 430 537 630 363 133 647 337 448 789 364 331 160 352 244 618 330 494 481 425 227 702 620 516 597 482 199 570 138 610 350 338 730 831 252 155 792 267 354 461 615 94 255 268 26 435 708 199 206 447 834 243 401 860 280 384 548 643 489 140 216 300 690 328 694 234 537 294 263 808 244 858 468 156 892 436 411 897 713 596 108 669 260 676 179 579 748 547 575 647 670 619 468 393 705 
262 903 795 143 502 629 337 420 830 754 746 544 860 778 73 974 668 50 567 90 409 219 395 138 702 0 582 414 700 69 51 500 866 980 564 813 488 230 578 777 759 845 375 186 644 310 561 989 933 717 715 836 1053 256 834 366 644 68 957 832 729 617 353 173 830 247 796 787 761 371 529 880 455 399 69 773 181 227 775 627 617 273 731 499 737 461 45 711 211 662 706 546 105 652 258 789 279 536 257 429 825 355 520 712 86 847 621 856 475 860 407 835 294 638 748 927 211 146 823 629 404 611 473 661 343 354 1037 31 180 955 710 118 919 461 506 596 795 870 932 710 326 189 670 602 351 136 487 1104 187 809 342 666 269 542 840 827 500 830 969 22 883 220 460 955 153 554 205 801 846 189 458 702 201 235 226 790 557 924 223 865 169 238 162 550 496 289 450 476 341 47 
603 375 905 607 90 499 453 292 339 255 322 294 516 342 532 470 708 633 294 638 314 435 334 466 255 582 0 423 620 634 568 558 470 463 65 315 404 650 613 372 888 521 321 462 516 535 620 437 563 206 814 281 589 490 347 600 282 515 550 359 347 421 397 724 301 696 402 260 326 310 90 555 135 688 606 486 447 390 830 486 321 419 389 693 169 718 588 453 719 248 351 53 486 163 359 227 310 282 610 159 378 422 446 227 667 270 90 343 123 499 382 253 309 233 623 412 514 462 326 344 530 56 642 126 626 258 508 603 667 462 153 693 520 427 209 360 332 297 374 240 431 527 96 369 250 697 126 595 703 226 243 301 627 234 338 470 83 461 581 568 489 492 352 421 648 373 692 284 325 760 196 596 753 677 562 276 757 510 485 337 515 554 421 320 717 659 675 551 380 569 
249 588 507 532 339 215 567 131 761 675 395 188 459 751 340 632 323 453 209 504 516 198 94 403 378 414 423 0 302 417 440 146 482 647 365 737 639 318 220 410 483 442 492 229 231 157 217 688 535 431 415 561 680 534 768 194 653 366 567 489 362 209 68 586 528 361 800 494 412 478 441 474 380 281 477 367 238 217 449 213 245 143 765 269 499 299 450 305 623 638 729 370 386 378 205 644 253 589 259 366 469 557 106 643 490 671 507 537 401 464 567 644 379 617 342 598 519 407 748 685 110 410 218 417 231 215 707 446 583 607 467 468 530 47 515 678 454 617 646 398 87 511 461 208 379 548 298 754 599 601 278 677 270 560 515 433 379 854 572 416 496 199 85 639 557 157 611 707 535 593 460 297 614 346 236 485 334 540 504 558 251 566 310 623 294 294 255 132 89 438 
474 597 318 827 561 120 865 386 950 870 408 326 326 963 628 592 141 732 325 790 798 495 372 704 441 700 620 302 0 688 732 204 393 618 555 925 922 542 143 385 317 299 779 522 103 396 167 696 389 520 245 624 576 836 958 367 891 660 444 483 359 200 370 867 570 572 1022 555 423 764 672 312 631 406 766 242 535 519 228 133 307 442 1003 303 616 372 740 214 911 865 965 573 686 500 506 803 550 850 483 625 446 853 206 846 767 803 711 553 648 347 856 770 673 847 60 585 821 709 935 938 299 583 284 552 409 495 673 731 876 563 588 729 416 260 770 939 462 691 679 468 382 813 613 253 661 828 520 680 887 721 560 913 483 812 529 333 610 1080 427 706 396 479 308 637 849 249 903 888 562 864 722 32 892 563 487 535 317 437 806 584 530 868 612 887 333 491 339 228 391 730 
227 939 756 197 550 628 407 445 893 816 773 566 873 843 102 1005 643 53 589 124 477 237 414 206 734 69 634 417 688 0 118 485 886 1014 610 876 558 181 560 801 720 857 443 201 642 292 541 1028 948 756 681 878 1078 325 897 337 711 125 975 862 753 626 364 181 867 188 863 826 789 438 586 891 511 356 118 784 205 259 744 628 637 286 799 464 782 418 105 721 236 727 774 594 171 691 291 845 325 604 221 484 852 424 521 775 80 901 677 891 531 876 477 887 357 702 740 961 279 214 886 697 389 658 443 704 308 394 1071 79 218 985 754 59 938 464 570 664 825 915 974 744 331 256 718 617 411 143 531 1135 212 859 391 732 229 607 874 843 552 898 984 92 902 218 475 992 194 567 239 862 882 176 521 694 204 180 202 827 517 944 292 902 167 302 213 618 457 242 413 460 355 113 
308 901 840 98 492 655 290 431 799 725 752 556 876 744 106 976 708 80 578 73 371 242 410 106 705 51 568 440 732 118 0 536 878 981 555 783 444 280 615 786 805 863 338 211 671 349 600 984 948 715 759 830 1061 207 802 410 609 74 969 835 739 638 376 162 827 298 759 784 767 335 508 898 437 447 41 792 202 239 817 653 629 297 692 545 727 508 20 731 184 630 669 535 81 649 266 767 276 500 304 410 831 309 546 684 103 828 599 856 455 875 364 817 269 606 779 927 161 112 793 589 440 600 515 655 389 355 1036 44 144 958 701 157 931 486 475 555 799 860 926 711 353 138 658 619 327 130 481 1107 161 794 333 630 317 509 841 841 484 791 983 31 895 254 479 953 116 573 171 773 845 192 430 733 191 286 269 789 604 935 175 863 206 187 158 510 543 338 495 512 361 4 
270 661 360 634 479 180 702 273 898 813 460 286 462 893 431 685 181 530 300 591 660 309 240 521 464 500 558 146 204 485 536 0 507 706 497 874 784 338 80 459 337 439 635 331 185 192 72 763 536 530 268 655 706 661 905 165 799 467 581 552 417 230 205 665 612 371 944 585 477 622 584 464 526 221 568 366 347 343 305 187 315 260 911 154 611 208 542 310 712 782 874 505 498 487 339 772 395 736 279 513 523 696 127 782 564 792 646 611 547 475 709 762 521 761 260 662 640 527 884 832 96 538 110 532 209 362 765 532 679 658 579 525 546 131 661 824 520 716 730 487 202 629 584 261 524 626 437 796 687 716 424 822 280 706 588 450 522 999 575 509 517 282 206 709 652 219 706 842 614 660 607 214 689 360 283 571 206 562 629 637 331 685 431 770 185 290 165 24 229 534 
731 233 704 954 470 331 882 446 715 654 149 322 80 759 795 201 534 912 299 950 762 650 472 805 215 866 470 482 393 886 878 507 0 229 421 692 868 800 497 100 708 104 759 685 332 638 519 318 93 272 638 305 200 891 723 654 742 806 91 139 141 282 524 1038 243 843 827 256 144 746 556 118 562 726 919 151 686 640 611 321 249 600 837 654 360 715 893 197 1060 699 801 450 806 307 611 551 613 752 741 574 102 857 398 648 951 520 541 205 566 53 831 485 695 691 350 207 898 806 700 810 562 414 617 347 697 532 282 897 1012 173 348 941 54 442 676 830 147 367 320 230 560 901 403 273 653 1002 450 291 1038 438 578 757 750 704 187 60 515 887 113 862 19 673 412 259 988 325 1040 652 223 1055 651 361 1067 827 718 230 689 58 873 237 722 945 723 790 687 771 673 521 531 878 
894 88 932 1041 506 541 915 571 598 559 252 462 307 662 914 31 756 1030 439 1054 777 779 608 892 279 980 463 647 618 1014 981 706 229 0 443 579 861 960 709 246 935 333 784 814 546 803 730 101 279 270 864 193 160 946 605 835 685 914 224 157 289 476 671 1143 162 1005 730 204 234 773 553 339 589 915 1022 375 809 755 840 529 402 737 759 858 300 913 999 410 1152 636 728 470 902 333 723 442 705 729 904 609 182 885 584 567 1067 385 502 125 584 281 845 355 753 635 578 53 963 890 583 760 743 411 816 342 876 626 60 1007 1101 56 310 1072 228 615 666 791 193 223 136 270 711 972 370 448 700 1110 505 132 1133 323 652 694 916 680 140 286 535 785 263 971 232 816 565 56 1079 497 1128 540 140 1169 660 585 1173 988 872 194 900 203 935 126 859 1007 823 763 890 941 869 715 671 981 
559 357 840 605 64 434 475 236 402 319 272 229 462 408 508 446 643 615 229 627 345 398 279 458 206 564 65 365 555 610 555 497 421 443 0 378 447 610 550 321 824 465 346 428 451 485 558 431 513 174 750 275 556 502 410 548 344 496 505 322 292 355 344 715 281 656 467 238 278 334 136 500 148 636 595 425 415 358 765 421 257 376 453 635 172 662 575 391 717 312 415 28 474 117 326 279 286 333 567 166 336 447 383 292 650 312 156 318 147 447 414 290 311 296 558 390 521 456 388 402 474 49 584 101 576 221 493 588 665 433 146 670 474 366 256 416 291 305 371 196 381 531 108 303 256 686 81 574 699 253 222 364 583 286 309 416 95 526 534 552 440 452 291 406 645 308 691 345 303 747 230 530 744 637 521 250 698 465 492 318 480 563 402 372 660 614 619 491 330 556 
895 503 1218 788 398 806 560 605 24 62 566 605 759 91 781 601 1021 860 601 843 424 718 646 677 508 813 315 737 925 876 783 874 692 579 378 0 425 932 928 613 1202 772 453 738 822 837 936 500 783 431 1128 400 737 633 32 907 196 751 751 556 607 724 705 916 457 976 154 437 562 452 307 801 383 994 815 757 720 667 1141 792 619 714 204 1006 334 1028 803 739 890 158 187 368 708 429 641 141 580 303 901 407 590 527 761 101 887 195 229 502 359 736 465 223 519 180 921 546 674 670 10 259 842 343 956 376 929 552 595 825 839 607 353 931 732 743 308 304 546 356 445 483 737 694 314 672 465 899 439 692 881 260 514 185 918 278 512 714 363 207 789 793 709 779 668 522 829 684 858 40 481 963 355 899 942 957 850 462 1072 713 645 477 792 697 667 313 1030 951 986 866 687 786 
673 773 1142 411 401 808 160 535 431 386 719 618 905 354 490 871 963 524 630 483 124 508 553 355 653 488 404 639 922 558 444 784 868 861 447 425 0 681 860 768 1114 906 148 509 827 658 856 818 959 611 1050 670 994 246 432 735 229 446 952 764 736 748 578 536 701 714 344 662 725 161 314 942 311 806 462 857 487 459 1089 798 675 538 269 867 560 859 461 811 496 273 258 418 393 563 451 481 390 137 675 306 781 135 718 352 539 555 360 745 303 892 83 563 266 258 945 812 294 347 432 173 711 461 821 531 737 428 900 488 450 864 553 601 921 671 195 129 736 665 754 642 589 318 492 703 261 530 430 992 492 567 363 240 693 183 742 860 354 362 981 466 887 565 614 814 448 683 463 435 726 589 218 907 558 697 624 680 935 912 272 735 549 300 401 113 879 723 828 766 554 448 
70 895 577 373 560 504 545 396 952 869 709 498 773 917 194 947 476 234 521 305 578 215 355 330 684 230 650 318 542 181 280 338 800 960 610 932 681 0 404 727 540 753 545 193 514 162 382 992 848 724 504 853 999 473 958 175 792 242 884 803 679 522 289 357 830 46 948 792 726 536 626 783 549 176 294 678 213 264 569 507 562 235 893 288 772 238 275 616 416 797 862 602 294 663 292 875 352 695 60 525 785 555 407 830 258 920 713 845 572 780 597 899 436 773 598 909 433 339 942 794 250 659 274 690 136 392 1020 253 399 923 741 200 847 358 644 769 767 901 944 700 249 413 718 527 476 320 529 1071 393 863 418 815 58 687 825 750 578 991 887 249 814 158 395 948 374 475 420 911 840 339 588 553 376 28 90 788 337 858 438 862 141 466 283 717 278 62 236 315 293 276 
338 674 292 713 539 168 782 338 953 869 474 327 441 953 510 686 103 606 336 668 736 389 310 602 488 578 613 220 143 560 615 80 497 709 550 928 860 404 0 465 274 416 712 411 165 268 25 775 512 560 200 680 692 742 960 228 864 547 562 561 427 239 283 740 632 432 1006 609 490 699 647 436 593 263 647 348 427 423 228 180 340 341 977 164 648 231 621 301 789 845 940 562 579 525 418 820 472 807 347 582 529 775 167 840 639 833 703 625 613 458 787 802 599 825 202 670 721 608 939 901 175 587 141 574 268 434 768 609 758 658 617 597 530 194 731 896 533 744 748 514 282 710 629 282 599 702 497 788 764 754 498 887 346 775 602 437 584 1062 551 587 504 362 265 719 730 251 784 895 630 733 677 162 764 423 357 593 192 548 710 653 410 766 512 842 195 351 196 104 306 613 
659 212 704 859 370 297 781 357 637 570 50 235 147 675 707 226 519 824 212 858 661 564 387 710 117 777 372 410 385 801 786 459 100 246 321 613 768 727 465 0 702 158 658 599 303 567 485 312 191 183 629 249 276 792 645 593 648 715 189 98 48 229 443 947 189 771 742 186 51 645 457 188 461 671 827 156 598 549 613 285 166 516 747 612 279 667 802 171 966 607 710 350 712 209 520 475 517 654 669 473 64 756 339 561 862 453 447 167 465 127 730 418 596 597 355 205 799 710 621 714 501 317 570 253 635 436 306 807 918 200 261 857 154 374 577 733 78 316 293 135 482 803 312 204 553 912 349 343 945 369 479 664 680 606 144 101 414 802 214 772 120 592 333 255 894 255 946 573 178 966 550 353 976 755 642 161 655 152 774 198 639 846 629 692 644 703 623 470 447 786 
497 914 39 903 813 415 1018 609 1227 1143 722 599 637 1226 702 908 186 772 607 842 992 615 577 819 748 759 888 483 317 720 805 337 708 935 824 1202 1114 540 274 702 0 610 965 627 404 469 268 1013 693 824 75 936 883 966 1234 398 1135 747 751 800 673 497 538 897 884 546 1279 866 737 952 920 617 863 363 828 559 647 659 106 429 603 577 1248 261 915 301 805 531 956 1118 1211 836 789 794 663 1092 723 1073 502 850 763 1016 441 1114 798 1102 977 869 884 659 1037 1070 848 1097 358 903 937 826 1213 1169 402 861 297 844 416 698 990 787 936 880 885 738 726 465 998 1160 777 1002 995 774 525 922 901 545 857 861 770 991 932 1021 759 1159 491 1043 846 649 857 1335 728 774 709 570 538 955 910 522 959 1168 878 875 944 350 914 547 536 847 202 749 931 899 607 978 737 1106 263 477 309 351 561 802 
682 336 604 945 505 258 901 435 796 729 206 314 27 833 772 304 441 889 294 932 793 626 452 801 270 845 521 442 299 857 863 439 104 333 465 772 906 753 416 158 610 0 785 660 255 590 440 423 97 342 542 398 277 900 804 596 801 789 146 233 173 232 493 1019 336 793 900 341 210 771 601 36 595 660 903 75 664 624 511 251 242 573 902 578 437 642 877 137 1047 762 865 492 796 361 599 633 612 799 692 602 193 879 345 718 927 609 601 303 603 51 860 574 708 751 251 312 901 802 780 865 506 468 545 409 640 534 384 877 1002 276 420 910 117 397 720 881 230 463 423 292 526 902 469 243 673 982 477 382 1024 525 587 819 699 752 283 58 553 960 136 844 101 639 385 364 977 291 1030 732 319 1031 688 268 1047 779 676 316 607 139 879 336 690 949 713 837 610 717 602 456 504 862 
532 696 993 334 289 667 132 392 467 400 611 485 787 407 362 789 815 417 500 392 33 362 407 236 548 375 321 492 779 443 338 635 759 784 346 453 148 545 712 658 965 785 0 365 686 511 707 757 847 520 901 602 903 184 469 588 272 322 846 668 621 611 430 462 621 581 421 579 620 14 234 821 198 662 366 730 343 312 940 658 547 390 356 719 490 712 357 681 438 296 331 317 272 463 303 464 241 161 535 184 680 101 573 359 440 534 309 661 200 776 77 532 117 273 805 732 221 228 462 254 563 372 673 442 592 283 829 382 386 779 474 493 813 524 149 224 637 610 693 541 440 241 417 569 117 447 309 916 427 523 218 292 552 174 654 743 250 455 872 353 778 421 470 742 376 545 407 449 645 510 128 765 489 564 483 594 787 807 192 657 409 250 261 175 731 583 681 617 406 341 
167 741 659 305 373 444 394 243 758 676 571 364 675 723 112 805 508 228 387 275 397 35 212 193 534 186 462 229 522 201 211 331 685 814 428 738 509 193 411 599 627 660 365 0 460 157 398 833 749 560 572 686 876 338 764 232 600 138 774 661 551 431 167 359 671 237 757 630 587 355 433 695 356 297 248 588 21 72 624 442 436 87 703 368 596 351 221 525 394 604 672 416 167 496 102 685 158 507 170 331 650 395 335 636 266 732 521 692 379 676 426 714 250 579 568 761 312 200 749 607 237 477 330 515 229 206 872 217 355 784 566 259 737 275 452 585 624 728 780 545 142 299 536 418 285 321 347 933 370 681 225 624 188 495 674 643 387 801 785 187 701 57 276 794 328 369 383 718 685 370 396 521 387 218 118 630 435 743 304 705 54 356 111 532 376 220 325 307 156 209 
444 515 411 763 458 18 779 293 847 766 319 223 279 859 570 522 218 680 222 734 704 429 286 631 344 644 516 231 103 642 671 185 332 546 451 822 827 514 165 303 404 255 686 460 0 356 187 616 351 422 329 532 527 756 854 348 789 597 399 401 270 97 297 815 480 551 919 462 334 672 569 279 531 406 708 184 469 445 325 30 205 374 900 324 516 387 681 136 854 761 862 469 617 398 428 701 465 750 454 526 367 765 125 743 717 703 607 468 547 294 764 671 584 744 118 508 745 635 832 837 264 479 290 450 392 403 604 676 815 494 487 688 366 185 670 839 375 598 593 371 317 739 511 149 568 777 418 623 830 622 468 810 458 712 444 272 508 977 391 647 339 425 217 558 788 147 843 785 475 818 623 80 842 539 447 443 357 383 728 497 477 793 539 788 356 472 347 205 315 669 
92 742 502 447 445 344 550 255 859 774 552 342 610 836 243 789 359 337 364 400 541 149 211 350 532 310 535 157 396 292 349 192 638 803 485 837 658 162 268 567 469 590 511 157 356 0 251 841 686 578 416 708 837 496 865 77 722 283 721 646 519 359 143 472 680 205 877 644 569 499 530 621 458 158 378 515 178 198 470 346 402 126 831 211 637 202 353 454 520 718 797 483 321 521 211 761 277 640 102 437 626 550 245 737 371 798 609 691 481 617 577 774 393 694 448 754 468 357 848 740 96 534 172 554 91 285 864 341 489 764 605 334 685 195 575 723 610 761 797 549 104 454 590 365 415 434 408 911 495 734 331 746 112 620 671 587 474 926 724 320 651 100 238 794 462 313 515 811 688 468 518 402 496 189 91 637 278 695 462 711 143 510 268 669 221 137 170 168 155 346 
318 693 290 698 544 189 774 340 960 876 492 338 465 958 494 707 110 588 349 651 732 378 309 590 504 561 620 217 167 541 600 72 519 730 558 936 856 382 25 485 268 440 707 398 187 251 0 794 536 575 197 696 715 731 967 207 867 532 585 581 446 257 277 722 650 409 1011 626 509 694 651 461 595 238 630 371 415 414 233 200 355 331 979 139 661 206 604 323 771 849 942 568 566 537 411 830 467 807 326 582 549 767 176 846 621 845 709 643 615 482 781 814 593 828 227 690 709 596 946 902 160 596 116 585 246 432 789 592 741 680 630 576 553 196 731 895 552 760 766 529 273 697 640 298 596 683 502 810 747 767 496 890 324 776 620 460 588 1066 575 571 527 347 269 739 714 264 767 903 648 714 677 187 745 401 339 610 170 571 698 671 394 753 501 841 171 328 171 92 301 597 
929 102 1013 1036 496 609 889 597 518 488 303 499 399 587 927 132 831 1039 479 1057 746 799 637 890 309 989 437 688 696 1028 984 763 318 101 431 500 818 992 775 312 1013 423 757 833 616 841 794 0 378 272 940 157 255 928 525 881 626 922 324 214 348 537 703 1145 162 1038 654 202 286 747 522 433 570 964 1025 457 825 769 921 596 450 762 690 917 267 968 1003 483 1148 576 661 455 903 337 737 370 710 683 939 593 249 858 638 502 1076 305 458 152 561 372 812 280 741 579 660 111 950 887 504 702 790 391 872 330 919 635 95 1014 1096 154 287 1088 326 661 628 737 243 155 64 292 744 961 340 502 685 1115 503 192 1130 257 651 632 952 635 175 372 516 707 364 978 325 842 603 59 1076 547 1122 463 152 1175 630 663 1175 1021 903 204 964 301 921 130 881 991 828 714 948 979 923 770 699 985 
778 307 684 1028 560 355 968 517 806 746 241 393 75 852 861 248 530 978 372 1019 852 714 538 881 308 933 563 535 389 948 948 536 93 279 513 783 959 848 512 191 693 97 847 749 351 686 536 378 0 366 627 390 190 973 814 693 835 875 59 227 226 326 584 1106 329 889 920 346 237 833 648 77 652 757 989 171 752 709 591 349 320 662 930 675 452 739 963 232 1132 792 895 541 879 400 682 642 690 845 788 662 193 944 441 741 1016 606 635 287 657 73 920 572 779 784 337 273 977 882 790 903 603 507 642 441 737 610 321 964 1086 224 441 1001 54 491 768 923 239 450 392 323 618 979 497 331 739 1069 537 301 1109 527 660 851 795 797 273 107 605 979 39 931 75 731 473 322 1060 381 1114 743 307 1120 742 359 1135 875 770 320 701 77 954 318 782 1025 796 883 707 814 699 553 593 948 
663 187 832 772 237 409 650 327 455 387 135 246 331 491 654 271 637 767 230 787 517 527 369 623 79 717 206 431 520 756 715 530 272 270 174 431 611 724 560 183 824 342 520 560 422 578 575 272 366 0 748 130 383 676 463 625 469 650 347 152 177 326 437 876 112 770 558 70 132 508 296 372 322 712 755 326 552 497 747 395 220 491 565 681 99 724 733 316 883 426 529 202 634 65 464 295 439 487 673 341 175 621 403 377 804 284 270 144 319 310 586 250 483 418 504 216 693 621 439 539 539 150 633 80 661 363 322 743 832 259 78 815 319 412 416 561 128 186 220 53 477 702 131 279 430 845 235 400 864 201 383 485 687 438 134 285 269 618 380 707 290 571 346 238 810 311 859 391 130 905 400 490 906 752 634 75 736 307 665 148 609 737 557 524 711 715 679 532 431 715 
455 841 92 857 740 340 960 538 1153 1069 648 525 569 1154 655 837 111 732 532 801 927 558 507 765 673 715 814 415 245 681 759 268 638 864 750 1128 1050 504 200 629 75 542 901 572 329 416 197 940 627 748 0 861 817 911 1160 349 1065 698 684 727 599 422 472 861 809 516 1207 791 663 888 848 551 792 329 784 488 591 599 72 354 528 517 1177 217 840 270 760 458 917 1046 1140 762 738 719 601 1017 660 1004 460 780 691 956 367 1041 761 1027 903 795 813 591 974 995 785 1026 291 831 884 772 1139 1100 341 786 244 769 373 630 919 744 894 809 810 704 659 394 929 1093 704 927 921 699 462 870 826 470 791 824 698 924 893 946 692 1088 452 974 772 578 785 1263 664 729 640 517 466 882 868 447 918 1094 804 842 875 278 880 515 489 772 172 681 877 826 557 926 681 1038 227 442 268 284 495 756 
793 107 942 880 339 521 734 457 421 372 216 375 380 477 776 208 750 886 357 902 592 653 499 734 191 836 281 561 624 878 830 655 305 193 275 400 670 853 680 249 936 398 602 686 532 708 696 157 390 130 861 0 342 771 429 755 492 768 352 166 266 441 567 990 62 900 546 70 203 592 368 421 413 841 870 406 677 620 853 507 340 619 570 807 112 852 849 412 992 443 537 298 748 190 587 259 556 537 802 436 205 703 528 377 923 216 310 103 404 354 659 182 584 443 601 150 793 731 406 567 668 234 760 175 791 484 229 861 940 210 130 937 337 541 477 598 170 67 96 167 607 804 184 398 528 960 349 322 974 139 496 502 816 488 117 340 359 603 392 824 319 699 475 143 920 435 966 360 83 1021 475 593 1020 881 763 89 860 316 764 77 736 834 674 570 838 845 807 658 560 831 
930 235 874 1131 615 528 1031 633 757 714 308 512 251 818 983 136 718 1100 488 1133 900 840 663 981 362 1053 589 680 576 1078 1061 706 200 160 556 737 994 999 692 276 883 277 903 876 527 837 715 255 190 383 817 342 0 1052 764 855 832 990 132 234 325 482 719 1222 296 1042 886 332 295 891 680 266 704 926 1102 343 874 826 781 519 441 792 912 852 439 913 1077 396 1239 784 879 585 985 439 795 598 789 866 940 721 230 1004 598 719 1139 544 641 250 703 233 969 514 856 781 526 192 1064 981 742 906 763 534 816 463 898 708 169 1082 1190 132 442 1134 162 641 798 933 268 381 297 363 756 1070 503 472 808 1187 605 115 1218 478 745 843 949 817 251 256 652 943 156 1047 189 867 607 217 1167 523 1218 698 270 1243 784 546 1252 1026 915 313 883 144 1038 266 915 1110 903 902 884 970 872 721 723 1061 
484 860 998 164 439 738 86 473 644 581 749 587 907 578 279 948 842 284 606 237 209 353 471 147 691 256 490 534 836 325 207 661 891 946 502 633 246 473 742 792 966 900 184 338 756 496 731 928 973 676 911 771 1052 0 647 569 443 231 981 818 750 698 466 292 784 498 581 741 760 189 410 937 357 624 219 837 319 319 961 732 658 400 510 706 660 683 222 781 258 474 491 476 181 615 329 648 293 332 483 336 824 113 633 541 294 717 491 821 366 900 175 715 196 453 873 893 48 139 641 408 572 537 669 603 559 367 995 249 208 934 641 360 946 576 334 368 784 786 865 689 460 72 587 666 245 283 447 1077 250 703 313 461 498 355 811 866 411 605 1003 233 910 395 542 908 203 630 225 631 806 343 308 829 315 484 438 752 771 944 35 820 362 65 230 332 711 525 661 639 444 211 
922 531 1250 804 428 838 571 636 8 92 598 637 791 82 803 628 1053 880 633 861 440 744 676 697 540 834 347 768 958 897 802 905 723 605 410 32 432 958 960 645 1234 804 469 764 854 865 967 525 814 463 1160 429 764 647 0 936 204 772 781 586 640 757 734 932 487 1001 135 467 594 470 335 832 410 1023 833 789 745 693 1174 825 651 742 194 1037 366 1057 823 771 905 173 183 399 729 462 667 172 606 315 928 433 621 539 793 128 906 220 260 532 386 768 476 250 540 196 954 574 688 690 23 261 873 375 986 409 957 580 620 845 854 635 385 952 762 774 328 307 577 383 470 516 766 710 346 704 488 916 469 717 896 289 541 191 945 295 542 746 392 183 819 814 740 806 699 549 845 716 872 72 511 980 376 931 958 982 877 493 1102 744 660 506 817 710 690 322 1060 978 1016 897 716 805 
111 780 432 508 511 340 626 312 929 844 584 382 617 909 305 818 305 387 402 454 618 227 268 422 572 366 600 194 367 337 410 165 654 835 548 907 735 175 228 593 398 596 588 232 348 77 207 881 693 625 349 755 855 569 936 0 798 349 733 678 547 372 203 519 722 205 951 689 601 577 601 624 531 88 436 521 253 276 408 345 433 202 907 137 691 125 411 462 572 792 872 548 391 572 289 826 354 717 119 511 655 627 256 808 418 858 678 729 554 628 654 833 471 768 424 788 539 429 918 817 92 595 106 608 44 357 896 396 546 793 659 370 698 220 651 800 643 811 840 592 170 523 649 388 492 481 473 936 548 791 406 822 117 697 707 600 543 1001 732 379 666 174 279 831 519 338 571 880 728 508 594 379 541 196 140 679 202 711 534 751 209 580 344 746 143 125 93 143 220 406 
765 599 1157 603 330 771 367 526 203 159 598 565 795 135 623 700 964 688 569 664 240 587 559 506 531 644 282 653 891 711 609 799 742 685 344 196 229 792 864 648 1135 801 272 600 789 722 867 626 835 469 1065 492 832 443 204 798 0 587 815 618 627 696 607 732 536 832 156 503 599 274 219 835 273 880 638 768 580 534 1089 758 601 596 112 913 393 923 629 735 702 50 75 322 540 440 513 265 448 112 770 288 644 334 703 129 712 339 200 582 251 776 271 353 358 51 900 642 486 498 203 76 748 333 863 394 812 444 715 653 652 699 397 762 789 670 148 115 597 471 563 513 631 508 338 645 315 718 372 811 693 368 391 23 788 105 585 748 282 203 850 623 760 649 600 632 644 642 669 205 562 781 205 869 757 814 718 526 981 776 459 565 651 506 513 117 932 820 885 786 585 612 
255 836 781 167 434 581 304 359 768 691 682 483 802 719 47 909 641 118 506 143 356 168 337 90 637 68 515 366 660 125 74 467 806 914 496 751 446 242 547 715 747 789 322 138 597 283 532 922 875 650 698 768 990 231 772 349 587 0 896 767 667 564 302 232 763 270 740 720 697 316 463 824 388 396 113 718 128 166 753 579 557 223 678 486 669 456 87 657 258 602 651 478 53 585 194 722 212 481 253 362 761 316 472 650 154 780 554 790 408 802 362 767 232 577 706 861 193 99 761 576 372 543 453 594 333 288 970 93 217 890 642 181 859 413 445 545 730 802 865 644 280 176 602 545 286 197 419 1039 235 741 274 609 268 483 774 768 432 777 910 57 823 185 405 888 190 499 245 737 779 254 396 660 261 254 211 724 548 863 196 799 140 231 94 497 487 293 438 443 287 72 
814 261 743 1045 557 401 970 537 773 718 235 413 120 823 885 193 585 1002 390 1040 849 739 562 896 299 957 550 567 444 975 969 581 91 224 505 751 952 884 562 189 751 146 846 774 399 721 585 324 59 347 684 352 132 981 781 733 815 896 0 198 232 363 612 1128 294 926 892 317 227 833 638 134 649 801 1009 215 775 730 649 393 339 689 907 723 426 786 984 271 1151 771 872 534 897 389 702 609 704 833 824 661 172 945 478 715 1040 569 617 249 651 105 918 535 785 764 393 224 988 897 757 886 642 494 688 425 777 624 263 987 1103 170 419 1030 37 526 759 908 219 408 343 310 648 992 477 360 742 1092 538 241 1129 492 669 830 832 784 238 134 600 951 40 953 73 760 500 270 1079 411 1131 710 270 1145 736 413 1157 911 804 292 753 40 963 277 810 1035 814 870 755 852 745 597 619 968 
737 114 802 901 381 394 797 417 578 520 94 305 214 625 764 144 617 880 282 908 667 626 453 751 130 832 359 489 483 862 835 552 139 157 322 556 764 803 561 98 800 233 668 661 401 646 581 214 227 152 727 166 234 818 586 678 618 767 198 0 135 324 515 997 104 848 694 119 77 656 449 254 470 758 876 249 657 605 711 382 245 582 708 705 227 759 852 269 1011 573 673 351 758 205 573 414 561 640 747 486 40 769 429 517 918 380 420 71 469 188 736 346 622 567 452 110 831 750 563 689 586 303 662 232 719 480 217 860 961 123 221 920 176 458 569 713 37 230 196 129 554 837 280 292 573 964 370 272 990 300 513 631 758 591 50 175 418 753 234 824 154 660 408 158 938 340 988 515 86 1021 551 451 1027 831 715 94 751 159 804 104 704 876 677 677 737 783 714 561 515 835 
611 246 677 813 335 261 742 309 631 561 49 187 170 663 659 271 488 776 163 811 626 515 338 664 99 729 347 362 359 753 739 417 141 289 292 607 736 679 427 48 673 173 621 551 270 519 446 348 226 177 599 266 325 750 640 547 627 667 232 135 0 189 395 899 211 723 729 198 64 607 428 208 427 625 780 149 550 502 588 248 117 467 729 570 276 624 755 145 920 589 692 320 665 187 472 472 472 626 621 436 108 718 295 548 814 458 428 198 432 155 695 423 554 577 335 245 756 665 616 691 454 294 527 236 588 391 350 759 872 246 254 809 196 327 548 707 105 333 322 123 433 759 298 159 513 864 311 391 898 374 436 645 632 579 174 124 382 789 253 724 160 543 284 293 847 208 900 568 205 918 518 327 929 707 594 176 616 196 731 227 590 803 583 664 602 656 580 426 399 739 
451 435 506 724 367 82 713 226 749 669 234 132 251 763 543 455 310 659 127 705 626 397 231 585 251 617 421 209 200 626 638 230 282 476 355 724 748 522 239 229 497 232 611 431 97 359 257 537 326 326 422 441 482 698 757 372 696 564 363 324 189 0 263 790 393 563 823 371 251 597 478 265 444 444 677 158 436 402 422 69 107 343 807 382 419 438 650 95 822 667 769 375 576 301 380 603 405 664 461 443 293 696 116 646 696 607 511 386 459 258 689 574 517 650 203 433 693 587 734 747 280 382 340 353 415 335 536 649 780 428 390 677 326 164 583 752 294 506 508 277 294 690 413 52 494 753 328 567 799 525 397 717 469 623 362 229 418 882 365 617 294 407 160 482 753 68 808 688 391 800 538 175 818 548 444 353 427 339 673 413 459 741 494 701 414 489 394 241 276 636 
226 606 564 466 308 280 500 112 728 642 422 210 509 711 280 659 386 395 233 442 455 134 68 335 395 353 397 68 370 364 376 205 524 671 344 705 578 289 283 443 538 493 430 167 297 143 277 703 584 437 472 567 719 466 734 203 607 302 612 515 395 263 0 527 541 335 757 504 439 417 402 527 335 292 414 420 174 149 510 276 278 80 718 306 494 322 388 358 560 596 682 344 320 379 137 622 189 536 235 318 499 492 171 608 433 656 476 555 357 512 504 632 315 574 409 620 451 339 716 634 141 392 256 411 231 162 731 385 519 636 462 418 574 112 464 623 478 618 657 411 40 444 448 252 319 489 270 784 537 591 222 630 249 510 535 479 342 809 620 354 539 148 111 658 493 202 547 677 551 537 408 364 555 317 200 499 374 582 436 573 198 498 242 569 327 278 281 187 23 375 
408 1063 934 128 651 801 376 591 930 861 914 715 1033 867 247 1138 825 135 738 89 492 393 567 257 867 173 724 586 867 181 162 665 1038 1143 715 916 536 357 740 947 897 1019 462 359 815 472 722 1145 1106 876 861 990 1222 292 932 519 732 232 1128 997 899 790 527 0 988 354 873 946 928 463 658 1053 590 533 121 947 354 397 924 799 789 447 802 644 886 595 145 885 68 759 783 694 241 811 427 913 438 620 401 564 993 405 692 820 101 977 748 1017 607 1033 467 969 417 736 918 1089 246 261 925 700 569 759 624 815 488 517 1198 142 90 1120 861 160 1091 633 609 660 960 1018 1086 873 499 223 816 775 477 38 642 1269 53 948 493 750 409 637 1003 999 640 897 1141 175 1055 390 634 1115 89 728 90 910 1006 54 571 871 29 350 383 951 694 1095 273 1025 338 237 320 623 635 419 593 640 514 161 
768 75 888 883 345 470 753 434 479 425 161 340 318 531 766 169 698 880 320 900 615 637 475 735 150 830 301 528 570 867 827 612 243 162 281 457 701 830 632 189 884 336 621 671 480 680 650 162 329 112 809 62 296 784 487 722 536 763 294 104 211 393 541 988 0 876 599 43 147 610 391 359 427 806 868 346 663 608 799 457 297 599 619 766 143 814 845 356 995 488 586 308 747 177 576 315 551 571 777 447 143 723 486 426 916 277 345 47 421 292 683 242 592 485 544 111 802 733 463 609 633 248 720 180 760 475 211 856 943 164 148 926 276 504 506 637 110 127 118 130 582 812 209 352 538 957 347 294 976 198 495 547 790 522 56 278 373 658 332 819 257 679 443 126 922 394 970 416 26 1017 497 538 1018 858 740 42 817 257 774 36 719 845 670 606 797 818 769 618 537 828 
112 941 584 385 606 541 574 442 996 913 754 543 813 958 223 992 498 242 566 312 615 261 401 360 730 247 696 361 572 188 298 371 843 1005 656 976 714 46 432 771 546 793 581 237 551 205 409 1038 889 770 516 900 1042 498 1001 205 832 270 926 848 723 563 335 354 876 0 988 839 771 573 670 823 593 186 307 718 255 309 583 545 606 281 932 303 819 245 290 657 416 839 902 648 322 710 337 920 395 734 102 569 830 586 448 874 260 966 758 891 616 821 630 946 475 814 630 955 456 369 986 832 287 705 296 736 163 438 1065 266 405 968 788 194 889 400 685 806 812 948 991 746 294 435 765 570 518 319 576 1115 394 910 462 856 93 727 870 792 623 1030 927 268 856 204 440 994 382 518 425 956 886 329 630 585 369 19 136 834 345 900 463 908 183 485 321 755 288 81 253 348 339 294 
921 651 1299 745 467 901 499 671 141 174 693 695 889 68 777 750 1104 838 696 810 387 743 706 657 630 796 402 800 1022 863 759 944 827 730 467 154 344 948 1006 742 1279 900 421 757 919 877 1011 654 920 558 1207 546 886 581 135 951 156 740 892 694 729 823 757 873 599 988 0 575 691 425 359 930 422 1035 785 876 736 690 1228 888 722 750 75 1064 467 1076 778 851 837 161 90 449 692 544 669 288 603 259 926 440 726 468 842 181 860 348 311 646 400 868 406 375 514 183 1025 694 627 649 152 173 899 444 1014 493 967 596 748 803 789 755 480 914 870 814 304 215 680 507 597 608 783 650 431 771 471 862 509 845 831 407 545 132 944 261 654 843 422 60 929 775 845 805 741 674 784 774 804 190 625 924 361 998 896 970 874 600 1131 853 601 623 807 640 668 250 1084 976 1037 933 736 762 
731 119 872 840 302 451 710 396 459 401 149 307 326 506 725 210 680 837 289 857 574 597 437 692 121 787 260 494 555 826 784 585 256 204 238 437 662 792 609 186 866 341 579 630 462 644 626 202 346 70 791 70 332 741 467 689 503 720 317 119 198 371 504 946 43 839 575 0 138 568 350 367 384 774 825 342 622 567 784 437 270 560 590 738 110 784 803 344 952 457 556 265 704 135 534 295 509 533 740 404 153 681 458 398 874 267 309 83 379 301 642 232 549 452 533 152 759 690 444 575 600 206 691 137 726 433 254 813 900 202 109 885 295 473 466 602 111 136 152 98 545 769 170 327 495 915 304 337 933 184 452 516 754 484 82 283 330 634 354 777 272 640 409 169 879 365 927 396 65 975 456 524 975 821 702 25 790 278 731 79 679 802 627 569 768 782 739 589 499 785 
660 184 741 835 330 325 745 343 586 519 17 228 198 623 692 220 552 809 205 839 622 552 378 686 72 761 326 412 423 789 767 477 144 234 278 562 725 726 490 51 737 210 620 587 334 569 509 286 237 132 663 203 295 760 594 601 599 697 227 77 64 251 439 928 147 771 691 138 0 607 412 239 422 682 808 203 584 533 651 312 168 507 696 631 227 683 783 208 944 557 660 307 690 163 502 423 494 608 670 435 64 719 353 510 847 403 398 134 424 177 691 368 564 548 397 186 770 686 570 666 509 270 587 204 641 413 295 789 895 197 210 846 195 381 533 686 43 271 258 86 478 776 262 217 518 894 314 346 923 319 451 615 681 560 111 152 373 750 256 754 163 585 331 232 871 264 923 522 140 950 509 391 958 755 639 114 678 187 744 163 630 817 608 646 663 706 638 485 440 766 
522 685 980 336 276 653 142 378 467 398 598 471 774 409 355 778 802 414 486 391 42 351 394 232 535 371 310 478 764 438 335 622 746 773 334 452 161 536 699 645 952 771 14 355 672 499 694 747 833 508 888 592 891 189 470 577 274 316 833 656 607 597 417 463 610 573 425 568 607 0 225 808 186 651 364 716 333 300 927 644 533 377 362 706 480 701 355 667 441 296 335 305 267 451 291 459 228 165 525 171 668 113 559 357 438 528 302 650 189 763 91 526 106 273 790 721 224 224 462 260 550 361 661 431 581 269 819 378 389 767 464 489 800 511 146 232 624 601 684 528 427 243 407 555 103 446 296 905 429 515 204 295 542 174 643 730 238 461 859 349 765 410 456 732 377 530 410 447 634 510 119 751 490 556 473 582 775 794 194 646 400 255 253 182 719 573 669 604 393 338 
587 465 940 538 110 551 366 311 329 244 407 346 598 310 487 560 746 579 351 576 224 411 347 403 340 529 90 441 672 586 508 584 556 553 136 307 314 626 647 457 920 601 234 433 569 530 651 522 648 296 848 368 680 410 335 601 219 463 638 449 428 478 402 658 391 670 359 350 412 225 0 636 77 688 545 560 415 361 871 539 387 406 331 707 256 724 529 522 648 198 294 109 428 249 334 259 275 197 593 103 467 335 484 207 610 319 91 433 55 583 292 310 241 177 682 502 438 398 318 270 542 146 657 217 621 244 596 547 595 552 242 644 607 454 120 280 421 376 459 327 431 452 183 427 182 634 152 685 633 294 208 241 611 150 428 552 62 415 668 512 575 472 382 509 579 422 619 285 415 698 107 650 687 651 543 367 774 598 408 426 487 475 373 235 729 643 683 573 382 510 
713 351 609 981 541 284 938 471 824 759 238 350 41 863 807 309 453 923 330 967 829 660 488 837 303 880 555 474 312 891 898 464 118 339 500 801 942 783 436 188 617 36 821 695 279 621 461 433 77 372 551 421 266 937 832 624 835 824 134 254 208 265 527 1053 359 823 930 367 239 808 636 0 631 685 938 107 699 660 515 279 279 607 935 600 466 665 912 169 1082 795 898 528 832 394 635 661 648 834 723 639 215 916 376 749 961 634 634 322 639 66 897 599 745 784 260 323 938 839 809 899 535 501 569 441 668 571 386 911 1038 282 450 943 113 429 755 916 255 485 438 323 559 938 501 279 710 1016 513 375 1059 551 624 852 729 787 304 87 589 990 115 879 108 673 419 375 1012 325 1066 760 340 1065 724 283 1082 809 708 341 625 137 915 355 724 986 749 872 632 746 626 482 539 897 
512 503 885 473 91 512 327 254 404 320 414 312 595 378 410 593 694 505 322 506 200 335 286 333 350 455 135 380 631 511 437 526 562 589 148 383 311 549 593 461 863 595 198 356 531 458 595 570 652 322 792 413 704 357 410 531 273 388 649 470 427 444 335 590 427 593 422 384 422 186 77 631 0 616 475 546 338 284 820 501 365 333 385 641 303 654 457 501 584 261 348 120 356 265 258 334 198 219 518 26 482 299 434 282 537 391 167 465 23 582 269 380 174 238 647 537 380 329 393 309 476 179 591 246 549 173 637 474 532 581 283 569 616 399 140 308 438 432 508 342 361 392 231 397 115 565 119 721 568 358 131 296 535 182 457 550 54 474 676 439 581 396 330 550 514 383 557 362 449 628 94 612 619 575 467 397 709 609 350 463 410 420 297 257 662 568 615 513 314 439 
140 863 400 543 600 401 688 401 1016 931 664 467 683 994 349 897 315 409 486 479 693 300 357 477 656 399 688 281 406 356 447 221 726 915 636 994 806 176 263 671 363 660 662 297 406 158 238 964 757 712 329 841 926 624 1023 88 880 396 801 758 625 444 292 533 806 186 1035 774 682 651 688 685 616 0 466 587 319 352 396 408 514 284 988 117 779 61 445 530 592 876 955 636 443 659 368 914 434 796 143 595 733 692 331 895 435 947 766 811 639 696 724 922 545 853 466 869 589 485 1005 896 173 683 121 696 69 443 975 425 574 871 747 376 767 302 733 878 725 898 924 677 257 572 738 466 571 497 562 1012 569 880 489 904 129 778 789 670 630 1084 797 416 736 241 366 913 548 418 596 968 811 513 676 424 552 185 186 764 161 781 589 834 262 627 408 824 102 114 68 204 308 443 
330 942 863 78 531 692 305 472 830 758 793 596 916 773 138 1017 737 68 619 32 398 279 450 141 746 69 606 477 766 118 41 568 919 1022 595 815 462 294 647 827 828 903 366 248 708 378 630 1025 989 755 784 870 1102 219 833 436 638 113 1009 876 780 677 414 121 868 307 785 825 808 364 545 938 475 466 0 832 240 279 844 690 670 334 717 568 767 528 26 770 146 660 695 575 121 690 307 803 317 527 325 448 872 327 583 716 76 865 635 896 492 915 384 855 304 636 814 968 171 146 824 614 472 640 542 695 412 396 1077 41 111 999 741 142 972 523 506 577 840 899 966 752 390 147 698 659 363 90 521 1148 122 832 373 658 337 538 882 881 523 815 1023 60 936 287 518 994 84 613 137 806 885 153 464 768 150 297 295 830 626 976 190 904 237 186 199 535 565 355 518 544 400 41 
607 361 557 876 458 186 842 368 781 709 194 250 96 811 700 349 383 816 232 861 741 553 382 733 248 773 486 367 242 784 792 366 151 375 425 757 857 678 348 156 559 75 730 588 184 515 371 457 171 326 488 406 343 837 789 521 768 718 215 249 149 158 420 947 346 718 876 342 203 716 560 107 546 587 832 0 592 554 465 178 183 500 873 508 425 571 805 62 976 731 835 451 727 332 530 622 546 756 617 551 210 822 270 694 854 606 570 321 556 110 807 571 648 719 203 345 836 735 765 828 432 435 473 383 565 470 431 805 932 321 403 835 181 322 676 841 235 473 446 273 452 836 446 174 616 909 426 441 953 522 527 787 624 711 299 91 507 936 210 773 156 565 313 397 906 219 961 717 334 958 640 210 975 704 601 317 540 199 814 353 617 884 644 795 541 642 530 382 432 791 
188 735 679 293 359 454 373 241 740 657 568 363 678 704 109 800 525 226 386 268 375 40 213 175 529 181 447 238 535 205 202 347 686 809 415 720 487 213 427 598 647 664 343 21 469 178 415 825 752 552 591 677 874 319 745 253 580 128 775 657 550 436 174 354 663 255 736 622 584 333 415 699 338 319 240 592 0 57 642 450 436 95 682 389 585 373 213 530 386 584 651 403 152 488 89 669 140 486 192 313 648 374 344 618 265 718 504 686 361 679 404 700 229 560 579 756 294 181 730 586 255 464 350 505 250 194 866 212 345 780 555 263 738 285 431 563 620 717 771 539 153 282 524 421 264 317 334 930 362 668 208 603 210 475 669 645 371 780 787 180 702 79 279 787 318 373 373 700 678 369 376 533 383 237 140 623 456 743 285 698 72 338 90 511 397 241 346 323 160 200 
231 680 689 322 302 428 360 193 688 605 518 317 637 655 159 748 524 275 340 309 342 52 172 186 476 227 390 217 519 259 239 343 640 755 358 667 459 264 423 549 659 624 312 72 445 198 414 769 709 497 599 620 826 319 693 276 534 166 730 605 502 402 149 397 608 309 690 567 533 300 361 660 284 352 279 554 57 0 646 423 391 82 639 407 527 400 253 493 422 535 607 345 173 432 32 613 87 445 236 260 597 356 319 565 313 661 449 632 307 636 379 643 194 511 559 702 302 190 678 545 258 407 364 448 282 137 812 257 378 728 498 318 693 261 385 526 568 660 715 485 141 294 466 381 220 362 277 878 399 611 153 558 254 430 615 602 315 736 744 222 657 114 242 733 352 336 406 646 623 417 329 514 427 290 184 568 476 697 288 643 126 349 93 472 419 286 369 321 129 238 
517 824 93 916 761 339 1006 565 1166 1084 637 536 537 1172 712 812 125 795 540 862 965 607 538 817 669 775 830 449 228 744 817 305 611 840 765 1141 1089 569 228 613 106 511 940 624 325 470 233 921 591 747 72 853 781 961 1174 408 1089 753 649 711 588 422 510 924 799 583 1228 784 651 927 871 515 820 396 844 465 642 646 0 353 530 563 1202 281 841 339 820 443 980 1068 1164 779 791 722 644 1025 700 1035 523 809 673 1000 386 1057 824 1029 920 780 839 561 1015 996 826 1048 261 810 936 824 1151 1129 388 798 302 774 436 663 893 804 955 784 812 770 626 422 958 1124 690 920 907 695 505 924 833 473 828 887 719 890 956 947 727 1112 515 1002 757 553 808 1285 626 787 611 570 489 862 928 457 979 1106 791 908 905 260 945 581 549 763 242 649 928 812 613 980 731 1070 295 508 332 325 534 814 
436 495 437 743 428 13 753 266 817 737 296 193 274 829 553 506 242 665 192 717 676 410 261 609 318 627 486 213 133 628 653 187 321 529 421 792 798 507 180 285 429 251 658 442 30 346 200 596 349 395 354 507 519 732 825 345 758 579 393 382 248 69 276 799 457 545 888 437 312 644 539 279 501 408 690 178 450 423 353 0 176 355 870 333 488 394 663 123 836 731 832 439 596 370 405 672 440 721 446 497 349 738 107 713 702 676 577 447 517 287 736 643 558 714 146 490 722 613 802 807 257 449 296 422 389 376 588 659 796 479 459 676 359 166 641 809 354 573 571 345 300 717 481 120 540 761 388 611 812 594 440 780 451 682 423 263 478 947 388 629 330 410 191 539 769 117 824 756 453 804 594 110 826 532 436 419 371 375 704 476 462 770 517 758 365 467 352 204 294 651 
494 348 613 708 280 190 660 198 643 565 150 73 250 660 545 386 417 663 51 701 558 401 223 561 149 617 321 245 307 637 629 315 249 402 257 619 675 562 340 166 603 242 547 436 205 402 355 450 320 220 528 340 441 658 651 433 601 557 339 245 117 107 278 789 297 606 722 270 168 533 387 279 365 514 670 183 436 391 530 176 0 351 710 469 312 518 644 136 812 570 672 280 559 193 363 496 370 579 504 368 224 639 189 544 701 499 411 297 376 246 624 467 466 554 303 354 659 562 628 657 341 279 423 245 473 292 462 647 766 362 282 693 302 213 499 666 210 404 415 173 316 660 306 58 433 753 245 509 790 418 345 622 515 536 275 212 330 782 353 613 266 426 166 398 740 97 794 581 299 805 459 280 818 590 476 255 520 307 636 322 474 707 475 618 500 539 473 321 282 629 
183 667 607 388 328 358 443 165 736 651 491 281 588 710 200 726 442 315 304 362 418 55 129 263 458 273 419 143 442 286 297 260 600 737 376 714 538 235 341 516 577 573 390 87 374 126 331 762 662 491 517 619 792 400 742 202 596 223 689 582 467 343 80 447 599 281 750 560 507 377 406 607 333 284 334 500 95 82 563 355 351 0 704 328 537 328 308 438 480 592 670 369 244 429 87 646 152 514 191 311 569 439 249 614 353 687 489 618 356 590 459 666 272 568 485 685 380 268 725 614 175 425 283 454 216 163 796 305 440 704 506 341 651 189 449 598 545 666 712 471 60 372 483 330 290 409 296 854 457 629 205 620 207 494 599 557 352 799 698 274 616 79 188 720 413 281 468 690 611 458 392 439 475 263 145 558 397 658 368 633 122 427 171 543 342 239 293 238 69 295 
870 677 1269 674 442 882 426 638 197 201 697 676 894 112 717 777 1077 772 680 741 322 692 671 593 632 731 389 765 1003 799 692 911 837 759 453 204 269 893 977 747 1248 902 356 703 900 831 979 690 930 565 1177 570 912 510 194 907 112 678 907 708 729 807 718 802 619 932 75 590 696 362 331 935 385 988 717 873 682 639 1202 870 710 704 0 1024 480 1032 711 843 764 141 38 431 628 542 620 320 554 197 874 400 737 397 815 193 793 388 302 666 364 874 335 410 456 156 1010 720 556 585 205 102 859 437 975 493 919 555 782 736 717 780 489 848 882 783 255 142 691 538 630 611 741 579 434 755 418 792 484 880 759 436 500 90 892 210 671 848 394 99 942 709 855 754 712 704 713 753 731 232 645 853 312 980 825 914 822 614 1092 867 530 646 753 567 610 181 1043 924 995 898 696 696 
238 815 295 642 608 323 762 401 1030 945 614 436 603 1017 441 837 199 515 451 584 747 360 360 559 617 499 693 269 303 464 545 154 654 858 635 1006 867 288 164 612 261 578 719 368 324 211 139 917 675 681 217 807 852 706 1037 137 913 486 723 705 570 382 306 644 766 303 1064 738 631 706 707 600 641 117 568 508 389 407 281 333 469 328 1024 0 759 69 545 457 700 903 989 640 529 636 415 913 480 839 243 624 676 762 280 911 544 937 777 765 664 619 787 909 601 880 363 816 676 566 1017 938 165 678 50 679 156 469 918 528 678 810 727 488 690 272 769 924 674 868 884 640 283 661 728 415 617 607 568 945 676 864 525 937 235 815 742 596 646 1116 714 514 663 311 346 863 651 372 701 977 768 626 713 325 663 300 275 725 68 707 672 791 346 717 480 870 32 226 51 149 328 541 
716 212 925 773 235 502 622 382 358 294 233 324 425 399 680 311 729 787 312 799 480 565 426 629 178 737 169 499 616 782 727 611 360 300 172 334 560 772 648 279 915 437 490 596 516 637 661 267 452 99 840 112 439 660 366 691 393 669 426 227 276 419 494 886 143 819 467 110 227 480 256 466 303 779 767 425 585 527 841 488 312 537 480 759 0 797 746 415 885 347 446 191 645 123 495 196 458 429 725 326 259 591 486 289 822 187 202 189 293 402 547 154 476 342 603 252 683 625 342 466 609 127 710 83 724 390 341 760 833 307 32 842 403 487 366 494 213 133 205 152 533 695 73 370 418 857 250 431 868 106 394 406 740 380 192 380 250 526 462 724 377 615 415 254 813 396 858 294 169 919 363 587 915 800 682 133 817 387 654 175 648 724 574 463 788 770 752 610 484 728 
201 866 339 605 631 385 744 426 1051 965 666 477 666 1032 409 893 267 471 495 541 743 350 383 535 664 461 718 299 372 418 508 208 715 913 662 1028 859 238 231 667 301 642 712 351 387 202 206 968 739 724 270 852 913 683 1057 125 923 456 786 759 624 438 322 595 814 245 1076 784 683 701 724 665 654 61 528 571 373 400 339 394 518 328 1032 69 797 0 506 517 654 916 997 665 502 675 414 942 480 842 203 635 731 747 329 930 496 970 798 815 677 681 777 943 595 893 432 869 649 543 1038 942 189 708 98 715 123 480 973 487 636 866 765 437 752 311 776 925 726 911 932 686 292 632 760 466 618 559 591 1004 631 900 531 946 191 822 793 657 665 1126 778 477 724 294 381 915 610 420 658 1000 817 574 719 393 613 246 245 772 100 769 647 840 320 687 463 871 44 176 45 197 341 505 
307 919 840 98 511 666 306 447 819 745 769 571 890 764 111 994 712 62 594 56 390 253 424 126 723 45 588 450 740 105 20 542 893 999 575 803 461 275 621 802 805 877 357 221 681 353 604 1003 963 733 760 849 1077 222 823 411 629 87 984 852 755 650 388 145 845 290 778 803 783 355 529 912 457 445 26 805 213 253 820 663 644 308 711 545 746 506 0 744 172 650 688 555 101 668 282 787 294 519 303 431 848 326 556 704 83 848 620 874 475 889 382 837 289 626 788 945 175 132 813 608 446 620 517 674 388 372 1054 26 136 975 721 139 947 497 495 573 816 879 945 729 363 152 678 633 347 111 500 1124 148 814 352 650 315 529 858 856 504 810 997 33 910 260 492 971 109 586 163 793 863 172 450 741 174 279 271 807 603 950 191 882 211 197 176 530 542 334 495 518 373 18 
546 383 533 816 416 133 789 309 763 688 195 196 156 787 638 386 348 753 181 799 692 491 321 673 236 711 453 305 214 721 731 310 197 410 391 739 811 616 301 171 531 137 681 525 136 454 323 483 232 316 458 412 396 781 771 462 735 657 271 269 145 95 358 885 356 657 851 344 208 667 522 169 501 530 770 62 530 493 443 123 136 438 843 457 415 517 744 0 915 701 805 414 666 309 469 608 489 716 556 504 233 770 208 670 791 600 541 338 513 166 758 566 594 687 189 373 778 676 748 792 371 407 419 362 505 414 468 743 871 358 389 773 236 260 635 802 247 479 464 262 389 777 425 115 565 847 382 488 892 516 472 755 563 672 315 140 467 911 270 711 206 503 251 425 845 157 900 700 348 895 596 182 913 643 539 322 493 251 757 369 554 826 584 754 489 582 475 325 370 729 
463 1070 993 112 652 838 338 614 902 838 930 738 1059 836 283 1149 876 185 761 120 466 426 594 260 881 211 719 623 911 236 184 712 1060 1152 717 890 496 416 789 966 956 1047 438 394 854 520 771 1148 1132 883 917 992 1239 258 905 572 702 258 1151 1011 920 822 560 68 995 416 837 952 944 441 648 1082 584 592 146 976 386 422 980 836 812 480 764 700 885 654 172 915 0 732 748 694 254 819 449 898 450 590 457 559 1009 369 729 797 157 965 735 1026 599 1058 432 959 410 710 960 1098 217 261 899 664 615 758 678 818 544 531 1206 179 52 1132 862 224 1113 670 587 622 974 1016 1088 884 536 198 814 803 469 97 648 1280 24 941 500 719 465 612 1013 1024 636 858 1165 206 1077 431 663 1121 72 758 33 888 1014 117 554 913 72 411 433 959 753 1116 246 1032 380 196 337 589 693 478 649 687 545 185 
766 551 1138 631 306 744 402 509 170 113 557 538 754 119 635 652 943 708 540 687 266 587 544 525 491 662 248 638 865 727 630 782 699 636 312 158 273 797 845 607 1118 762 296 604 761 718 849 576 792 426 1046 443 784 474 173 792 50 602 771 573 589 667 596 759 488 839 161 457 557 296 198 795 261 876 660 731 584 535 1068 731 570 592 141 903 347 916 650 701 732 0 103 292 557 401 512 214 448 145 772 281 600 368 681 79 733 289 161 535 238 735 307 303 370 24 871 593 515 518 166 126 737 296 852 353 809 435 665 673 681 651 352 780 745 652 156 165 553 421 513 471 623 536 295 616 321 743 349 761 723 318 387 59 789 121 539 707 260 217 806 642 717 650 580 583 672 616 700 161 514 806 209 842 785 820 720 480 970 731 487 517 656 538 523 160 923 822 877 771 575 633 
838 645 1232 655 404 844 410 601 185 174 660 638 857 101 689 746 1039 748 641 719 297 659 635 567 595 706 351 729 965 774 669 874 801 728 415 187 258 862 940 710 1211 865 331 672 862 797 942 661 895 529 1140 537 879 491 183 872 75 651 872 673 692 769 682 783 586 902 90 556 660 335 294 898 348 955 695 835 651 607 1164 832 672 670 38 989 446 997 688 805 748 103 0 393 603 505 587 292 521 170 842 364 702 379 778 160 770 362 265 633 327 838 316 382 427 118 972 688 537 560 190 85 824 399 939 456 886 519 753 713 700 747 453 824 847 746 221 129 655 508 601 575 706 560 398 717 386 772 446 850 742 406 465 52 860 176 637 811 356 129 907 685 819 721 675 673 694 715 715 210 612 834 278 942 807 884 790 580 1057 832 511 613 722 551 581 160 1008 892 960 862 660 672 
553 383 853 582 44 452 447 239 392 307 301 246 490 392 492 473 657 597 248 607 316 388 281 437 235 546 53 370 573 594 535 505 450 470 28 368 418 602 562 350 836 492 317 416 469 483 568 455 541 202 762 298 585 476 399 548 322 478 534 351 320 375 344 694 308 648 449 265 307 305 109 528 120 636 575 451 403 345 779 439 280 369 431 640 191 665 555 414 694 292 393 0 453 146 314 278 269 306 560 139 365 419 395 278 632 318 141 345 118 475 385 298 286 275 579 417 495 434 379 377 477 65 589 127 574 210 519 569 642 461 168 654 502 374 228 389 320 324 394 225 379 506 123 323 230 665 74 601 676 265 204 342 577 260 337 444 67 507 563 533 469 444 299 432 622 324 667 337 330 728 201 549 723 629 514 277 704 494 467 344 469 538 384 344 664 609 622 498 328 536 
303 821 823 149 410 601 251 361 725 649 676 485 808 673 99 898 676 152 507 153 306 191 345 37 628 105 486 386 686 171 81 498 806 902 474 708 393 294 579 712 789 796 272 167 617 321 566 903 879 634 738 748 985 181 729 391 540 53 897 758 665 576 320 241 747 322 692 704 690 267 428 832 356 443 121 727 152 173 791 596 559 244 628 529 645 502 101 666 254 557 603 453 0 569 197 687 197 433 302 329 755 263 491 608 182 747 519 776 374 805 310 736 190 533 729 848 147 46 718 526 405 518 494 573 379 277 956 119 206 880 620 223 860 432 401 494 721 778 845 632 304 132 577 553 247 211 400 1028 232 712 252 561 317 437 762 771 403 727 912 85 823 221 415 873 181 509 234 696 765 274 353 683 271 307 257 709 593 862 145 783 183 188 83 447 532 344 482 475 302 83 
604 251 805 707 176 383 592 267 454 379 159 200 354 479 589 333 608 702 188 722 462 463 310 558 92 652 163 378 500 691 649 487 307 333 117 429 563 663 525 209 794 361 463 496 398 521 537 337 400 65 719 190 439 615 462 572 440 585 389 205 187 301 379 811 177 710 544 135 163 451 249 394 265 659 690 332 488 432 722 370 193 429 542 636 123 675 668 309 819 401 505 146 569 0 399 303 374 445 613 281 218 564 362 362 739 308 240 207 265 336 532 277 421 390 492 280 630 557 439 505 487 107 586 53 606 298 387 678 767 319 92 750 358 364 370 523 173 239 283 78 419 639 115 249 369 780 171 463 799 229 319 457 628 397 196 308 213 604 419 642 326 509 294 303 746 273 794 391 195 840 348 472 841 691 573 140 694 349 603 213 546 675 492 483 665 657 630 487 371 650 
254 648 691 346 270 411 363 165 662 578 487 289 611 631 191 716 521 306 312 338 331 77 148 204 444 258 359 205 506 291 266 339 611 723 326 641 451 292 418 520 663 599 303 102 428 211 411 737 682 464 601 587 795 329 667 289 513 194 702 573 472 380 137 427 576 337 669 534 502 291 334 635 258 368 307 530 89 32 644 405 363 87 620 415 495 414 282 469 449 512 587 314 197 399 0 583 66 428 260 234 567 356 304 539 344 630 420 600 281 609 373 612 185 488 544 670 316 208 651 528 260 374 370 415 299 104 780 287 403 696 466 350 665 247 365 511 536 627 683 453 138 311 434 356 203 392 245 846 426 579 126 537 277 410 583 575 285 716 716 251 628 138 219 700 378 313 431 619 591 447 308 500 456 318 209 535 484 668 300 611 156 364 114 457 430 310 380 319 115 266 
829 363 1105 789 317 686 588 515 164 118 429 492 619 220 745 462 908 838 485 833 442 659 558 661 374 789 227 644 803 845 767 772 551 442 279 141 481 875 820 475 1092 633 464 685 701 761 830 370 642 295 1017 259 598 648 172 826 265 722 609 414 472 603 622 913 315 920 288 295 423 459 259 661 334 914 803 622 669 613 1025 672 496 646 320 913 196 942 787 608 898 214 292 278 687 303 583 0 529 345 837 361 449 554 653 136 869 74 168 361 314 596 498 90 498 224 794 406 682 656 148 340 753 235 862 250 852 484 462 806 845 467 219 903 590 643 315 379 406 219 310 348 658 700 191 552 439 891 353 560 885 119 461 267 853 304 371 575 298 344 647 771 568 718 568 386 831 570 868 101 340 955 343 775 941 901 788 321 976 572 652 336 739 714 632 369 939 885 899 768 607 769 
318 625 751 341 225 447 315 179 600 517 480 298 621 567 222 700 575 330 318 349 268 139 179 192 430 279 310 253 550 325 276 395 613 705 286 580 390 352 472 517 723 612 241 158 465 277 467 710 690 439 660 556 789 293 606 354 448 212 704 561 472 405 189 438 551 395 603 509 494 228 275 648 198 434 317 546 140 87 700 440 370 152 554 480 458 480 294 489 450 448 521 269 197 374 66 529 0 362 323 173 558 304 344 478 366 580 364 579 221 616 314 564 126 424 583 651 289 192 590 462 321 333 433 382 365 81 760 304 401 683 430 384 667 290 299 445 524 591 653 435 198 289 393 374 138 406 208 831 429 534 68 471 341 344 565 582 231 650 722 268 631 201 249 677 377 336 429 560 568 466 242 540 467 376 271 513 548 668 268 587 211 337 118 391 494 374 445 376 165 276 
674 641 1097 491 299 732 256 470 313 257 604 531 796 247 519 740 909 579 540 553 129 498 497 398 537 536 282 589 850 604 500 736 752 729 333 303 137 695 807 654 1073 799 161 507 750 640 807 683 845 487 1004 537 866 332 315 717 112 481 833 640 626 664 536 620 571 734 259 533 608 165 197 834 219 796 527 756 486 445 1035 721 579 514 197 839 429 842 519 716 590 145 170 306 433 445 428 345 362 0 678 226 661 223 652 219 602 419 226 616 204 780 161 426 259 126 866 681 374 390 311 100 676 339 791 408 727 375 766 543 540 735 424 654 803 613 80 89 614 528 619 522 555 396 363 615 224 606 335 859 581 430 314 131 696 49 615 749 249 296 864 515 771 559 547 680 532 603 557 306 597 669 129 831 645 716 626 553 908 793 347 604 556 395 413 38 856 728 807 721 513 503 
10 841 538 401 520 443 550 345 922 838 653 442 712 891 206 890 424 272 464 340 567 184 303 336 630 257 610 259 483 221 304 279 741 904 567 901 675 60 347 669 502 692 535 170 454 102 326 939 788 673 460 802 940 483 928 119 770 253 824 747 621 461 235 401 777 102 926 740 670 525 593 723 518 143 325 617 192 236 523 446 504 191 874 243 725 203 303 556 457 772 842 560 302 613 260 837 323 678 0 494 728 556 347 800 301 878 678 790 541 720 592 857 421 747 539 854 447 345 912 778 190 616 222 642 87 353 964 285 434 866 694 251 787 298 621 756 710 852 892 647 195 429 674 468 455 364 487 1013 433 819 386 794 17 665 770 690 542 971 826 273 754 122 339 893 408 416 458 878 786 389 565 493 423 87 52 734 300 798 448 809 125 484 274 703 239 50 193 255 242 301 
488 523 873 448 105 508 310 244 427 344 426 312 604 399 384 612 683 478 324 480 190 311 273 307 363 429 159 366 625 484 410 513 574 609 166 407 306 525 582 473 850 602 184 331 526 437 582 593 662 341 780 436 721 336 433 511 288 362 661 486 436 443 318 564 447 569 440 404 435 171 103 639 26 595 448 551 313 260 809 497 368 311 400 624 326 635 431 504 559 281 364 139 329 281 234 361 173 226 494 0 496 284 426 305 511 418 193 485 48 592 258 406 149 257 643 556 357 303 417 319 459 201 575 267 528 155 658 448 507 600 306 542 628 387 149 315 454 456 531 358 343 368 254 397 91 538 125 741 543 384 107 312 512 193 475 559 76 491 687 412 593 372 321 571 489 380 532 386 469 602 97 607 594 550 443 416 692 622 328 484 385 398 270 262 644 545 597 499 296 412 
718 151 764 900 391 361 807 407 613 553 79 289 174 658 756 163 581 873 266 904 681 615 440 750 133 825 378 469 446 852 831 523 102 182 336 590 781 785 529 64 763 193 680 650 367 626 549 249 193 175 691 205 230 824 621 655 644 761 172 40 108 293 499 993 143 830 726 153 64 668 467 215 482 733 872 210 648 597 673 349 224 569 737 676 259 731 848 233 1009 600 702 365 755 218 567 449 558 661 728 496 0 780 402 547 911 418 445 111 483 149 750 384 627 593 413 141 834 750 598 714 562 322 633 253 696 478 242 854 960 138 248 909 145 435 587 736 47 270 236 140 538 840 305 267 581 958 377 285 988 337 515 659 739 612 90 135 432 785 205 818 118 646 390 191 936 316 987 550 126 1014 566 414 1022 814 699 128 719 132 808 144 692 880 673 698 708 763 687 533 501 831 
555 798 1046 277 389 746 33 472 537 478 710 574 883 468 362 891 877 388 590 348 113 401 480 225 647 355 422 557 853 424 309 696 857 885 447 527 135 555 775 756 1016 879 101 395 765 550 767 858 944 621 956 703 1004 113 539 627 334 316 945 769 718 696 492 405 723 586 468 681 719 113 335 916 299 692 327 822 374 356 1000 738 639 439 397 762 591 747 326 770 369 368 379 419 263 564 356 554 304 223 556 284 780 0 647 439 403 626 406 763 302 873 62 627 180 348 883 834 160 217 535 295 615 474 720 544 624 362 931 353 320 880 576 466 911 594 239 255 737 710 794 641 495 183 518 657 206 396 407 1018 362 620 299 350 573 253 756 839 351 492 970 332 876 453 547 843 316 628 336 528 746 456 228 842 428 570 506 695 829 906 137 759 430 172 284 220 771 601 720 675 468 313 
337 536 458 637 374 109 659 183 786 702 336 162 365 787 446 566 262 558 174 610 593 304 166 506 337 520 446 106 206 521 546 127 398 584 383 761 718 407 167 339 441 345 573 335 125 245 176 638 441 403 367 528 598 633 793 256 703 472 478 429 295 116 171 692 486 448 842 458 353 559 484 376 434 331 583 270 344 319 386 107 189 249 815 280 486 329 556 208 729 681 778 395 491 362 304 653 344 652 347 426 402 647 0 674 595 669 536 485 453 373 650 638 466 661 240 539 620 510 772 744 164 420 234 409 299 289 645 552 690 539 454 570 442 59 574 741 396 589 604 360 193 614 463 136 456 654 332 681 705 592 355 725 354 617 463 345 421 898 479 523 410 303 105 585 663 92 717 727 488 697 523 196 719 434 332 444 333 455 604 511 355 668 413 688 311 373 285 132 190 544 
794 484 1132 693 303 726 473 511 122 41 511 522 708 117 679 585 935 760 520 745 332 616 550 578 448 712 227 643 846 775 684 782 648 567 292 101 352 830 840 561 1114 718 359 636 743 737 846 502 741 377 1041 377 719 541 128 808 129 650 715 517 548 646 608 820 426 874 181 398 510 357 207 749 282 895 716 694 618 565 1057 713 544 614 193 911 289 930 704 670 797 79 160 278 608 362 539 136 478 219 800 305 547 439 674 0 787 210 137 473 258 687 379 226 418 93 847 527 580 571 112 204 747 265 860 311 829 452 593 726 746 587 300 830 692 651 211 244 501 348 441 426 638 600 249 594 364 802 345 690 787 245 413 131 817 186 479 662 265 241 751 693 666 678 577 513 734 601 766 90 452 866 254 821 847 855 749 423 977 676 551 453 690 606 565 238 934 850 890 774 589 686 
307 990 835 142 588 703 381 505 902 829 832 628 942 847 155 1061 723 38 651 61 473 301 478 209 789 86 667 490 767 80 103 564 951 1067 650 887 539 258 639 862 798 927 440 266 717 371 621 1076 1016 804 761 923 1139 294 906 418 712 154 1040 918 814 696 433 101 916 260 860 874 847 438 610 961 537 435 76 854 265 313 824 702 701 353 793 544 822 496 83 791 157 733 770 632 182 739 344 869 366 602 301 511 911 403 595 787 0 929 701 943 556 943 461 918 371 709 818 1014 246 216 896 690 468 696 523 748 388 441 1124 63 147 1041 796 73 1003 537 578 654 881 956 1019 797 403 222 755 684 429 63 574 1191 134 893 427 732 309 612 927 910 583 891 1051 99 967 292 542 1042 126 635 164 877 933 104 533 771 125 254 282 877 596 1008 266 952 240 258 248 611 536 320 493 540 422 100 
870 313 1113 855 360 690 659 546 213 187 411 506 592 282 800 408 916 897 496 895 513 705 590 723 364 847 270 671 803 901 828 792 520 385 312 195 555 920 833 453 1102 609 534 732 703 798 845 305 606 284 1027 216 544 717 220 858 339 780 569 380 458 607 656 977 277 966 348 267 403 528 319 634 391 947 865 606 718 661 1029 676 499 687 388 937 187 970 848 600 965 289 362 318 747 308 630 74 580 419 878 418 418 626 669 210 929 0 229 320 372 568 570 35 560 299 789 355 750 718 199 414 781 264 887 259 888 528 400 866 912 417 216 960 553 665 386 454 378 163 250 337 693 767 209 557 501 954 391 497 951 84 512 340 894 377 333 550 349 402 608 831 534 762 591 328 897 581 935 158 299 1018 410 774 1006 947 832 292 997 533 720 291 786 783 688 443 964 926 926 789 643 830 
671 414 994 625 168 590 439 376 253 168 397 385 594 252 578 514 798 670 385 666 293 497 416 494 331 621 90 507 711 677 599 646 541 502 156 229 360 713 703 447 977 601 309 521 607 609 709 458 635 270 903 310 641 491 260 678 200 554 617 420 428 511 476 748 345 758 311 309 398 302 91 634 167 766 635 570 504 449 920 577 411 489 302 777 202 798 620 541 735 161 265 141 519 240 420 168 364 226 678 193 445 406 536 137 701 229 0 391 146 575 356 224 331 150 713 455 522 489 240 269 613 135 726 194 701 325 540 638 682 510 200 735 589 514 170 293 398 306 394 312 508 538 140 459 272 724 209 632 721 214 296 217 695 178 391 547 136 370 650 603 560 557 440 453 667 464 705 202 371 789 183 686 776 739 628 330 842 577 492 378 575 556 464 261 800 727 757 637 457 601 
781 51 871 915 381 459 792 452 524 472 151 349 282 577 791 127 685 905 327 929 657 658 490 766 160 856 343 537 553 891 856 611 205 125 318 502 745 845 625 167 869 303 661 692 468 691 643 152 287 144 795 103 250 821 532 729 582 790 249 71 198 386 555 1017 47 891 646 83 134 650 433 322 465 811 896 321 686 632 780 447 297 618 666 765 189 815 874 338 1026 535 633 345 776 207 600 361 579 616 790 485 111 763 485 473 943 320 391 0 461 256 725 286 627 532 522 72 838 765 509 656 638 289 720 219 768 501 180 883 975 119 192 950 234 509 549 683 92 163 126 146 596 846 253 350 575 985 379 256 1007 242 526 594 803 567 23 246 412 704 288 847 218 697 453 103 954 395 1002 462 21 1044 539 520 1047 873 756 68 812 213 810 32 738 881 697 651 796 829 770 618 553 856 
535 497 905 487 98 529 331 274 380 297 417 327 602 355 431 589 714 524 336 523 197 358 307 350 352 475 123 401 648 531 455 547 566 584 147 359 303 572 613 465 884 603 200 379 547 481 615 561 657 319 813 404 703 366 386 554 251 408 651 469 432 459 357 607 421 616 400 379 424 189 55 639 23 639 492 556 361 307 839 517 376 356 364 664 293 677 475 513 599 238 327 118 374 265 281 314 221 204 541 48 483 302 453 258 556 372 146 461 0 588 267 362 189 216 662 532 391 346 370 290 499 172 614 242 572 196 630 493 546 578 276 589 619 419 123 292 438 420 498 343 384 405 220 411 130 582 131 716 583 342 154 275 559 164 454 556 51 452 679 458 585 419 349 543 529 399 570 339 444 646 85 628 636 597 490 393 731 612 362 457 433 430 318 242 684 591 638 534 337 457 
710 287 655 954 491 296 896 444 760 696 178 320 26 800 788 252 488 905 298 945 782 641 465 807 244 860 499 464 347 876 875 475 53 281 447 736 892 780 458 127 659 51 776 676 294 617 482 372 73 310 591 354 233 900 768 628 776 802 105 188 155 258 512 1033 292 821 868 301 177 763 583 66 582 696 915 110 679 636 561 287 246 590 874 619 402 681 889 166 1058 735 838 475 805 336 609 596 616 780 720 592 149 873 373 687 943 568 575 256 588 0 850 533 706 725 301 261 904 809 744 842 537 444 583 381 672 537 332 891 1012 225 387 930 71 422 703 860 190 418 374 263 546 906 439 259 667 996 467 333 1035 485 587 792 728 732 238 34 538 928 108 857 49 660 401 313 987 309 1040 696 274 1047 673 315 1062 807 701 275 650 90 880 289 710 952 722 818 651 747 640 491 521 874 
590 757 1065 339 360 745 95 470 474 418 683 562 862 405 407 852 890 444 577 407 69 427 484 272 618 407 382 567 856 477 364 709 831 845 414 465 83 597 787 730 1037 860 77 426 764 577 781 812 920 586 974 659 969 175 476 654 271 362 918 736 695 689 504 467 683 630 406 642 691 91 292 897 269 724 384 807 404 379 1015 736 624 459 335 787 547 777 382 758 432 307 316 385 310 532 373 498 314 161 592 258 750 62 650 379 461 570 356 725 267 850 0 573 188 287 882 795 221 264 473 233 634 436 743 507 655 361 889 408 383 843 535 521 885 601 186 193 706 662 748 610 512 244 476 647 195 457 384 978 425 570 295 287 609 194 719 818 318 431 945 384 850 483 548 801 378 622 399 467 707 518 186 842 490 614 541 658 855 878 196 719 466 235 317 157 798 639 748 690 480 367 
849 281 1080 848 341 657 660 521 243 208 376 476 557 307 785 377 884 885 465 886 514 686 565 713 330 835 253 644 770 887 817 762 485 355 290 223 563 899 802 418 1070 574 532 714 671 774 814 280 572 250 995 182 514 715 250 833 353 767 535 346 423 574 632 969 242 946 375 232 368 526 310 599 380 922 855 571 700 643 996 643 467 666 410 909 154 943 837 566 959 303 382 298 736 277 612 90 564 426 857 406 384 627 638 226 918 35 224 286 362 533 573 0 551 310 755 323 746 709 228 429 754 241 859 229 863 508 373 854 906 385 185 946 519 636 387 467 343 132 222 303 670 762 184 524 492 944 370 471 944 49 497 357 873 383 299 515 335 430 574 819 500 741 563 299 890 550 929 185 265 1008 407 740 998 927 811 257 968 499 716 258 768 781 674 453 936 904 899 761 619 819 
417 668 876 298 247 566 196 292 536 459 553 398 714 488 264 754 702 342 416 335 147 245 300 163 494 294 309 379 673 357 269 521 695 753 311 519 266 436 599 596 848 708 117 250 584 393 593 741 779 483 785 584 856 196 540 471 358 232 785 622 554 517 315 417 592 475 514 549 564 106 241 745 174 545 304 648 229 194 826 558 466 272 456 601 476 595 289 594 410 370 427 286 190 421 185 498 126 259 421 149 627 180 466 418 371 560 331 627 189 706 188 551 0 346 703 700 210 157 529 358 445 350 555 413 475 182 804 309 357 740 454 412 750 415 214 334 588 606 680 493 323 219 404 480 59 393 251 884 394 532 121 381 439 253 617 672 226 555 807 275 714 305 367 718 339 449 382 506 613 457 164 661 446 457 369 559 669 748 182 629 297 254 154 282 613 470 563 502 292 271 
742 550 1118 608 287 726 381 488 193 130 547 520 744 143 611 650 924 684 523 664 244 563 523 501 481 638 233 617 847 702 606 761 691 635 296 180 258 773 825 597 1097 751 273 579 744 694 828 579 784 418 1026 443 781 453 196 768 51 577 764 567 577 650 574 736 485 814 183 452 548 273 177 784 238 853 636 719 560 511 1048 714 554 568 156 880 342 893 626 687 710 24 118 275 533 390 488 224 424 126 747 257 593 348 661 93 709 299 150 532 216 725 287 310 346 0 854 592 493 494 189 124 715 283 830 343 785 412 667 649 659 649 346 756 738 632 132 157 546 423 516 462 600 514 287 599 297 720 329 762 700 322 363 68 765 98 534 697 240 237 799 618 709 625 560 583 649 598 678 180 511 783 184 824 762 796 695 475 948 725 465 515 631 517 499 145 900 798 854 750 553 609 
530 564 354 873 571 137 897 412 946 868 384 335 278 964 676 550 194 782 330 839 822 539 403 745 425 748 623 342 60 740 779 260 350 578 558 921 945 598 202 355 358 251 805 568 118 448 227 660 337 504 291 601 526 873 954 424 900 706 393 452 335 203 409 918 544 630 1025 533 397 790 682 260 647 466 814 203 579 559 261 146 303 485 1010 363 603 432 788 189 960 871 972 579 729 492 544 794 583 866 539 643 413 883 240 847 818 789 713 522 662 301 882 755 703 854 0 549 860 749 931 951 352 582 344 545 466 522 632 780 923 522 576 783 368 297 786 955 433 668 648 451 426 854 607 255 687 879 532 633 935 705 587 921 540 826 499 291 621 1084 374 754 350 528 335 601 896 263 950 883 534 917 740 46 943 620 540 511 376 390 844 554 580 908 652 904 394 549 399 283 429 777 
844 43 902 987 453 502 863 519 566 522 204 411 288 626 861 58 722 976 389 1000 726 726 557 838 227 927 412 598 585 961 927 662 207 53 390 546 812 909 670 205 903 312 732 761 508 754 690 111 273 216 831 150 192 893 574 788 642 861 224 110 245 433 620 1089 111 955 694 152 186 721 502 323 537 869 968 345 756 702 810 490 354 685 720 816 252 869 945 373 1098 593 688 417 848 280 670 406 651 681 854 556 141 834 539 527 1014 355 455 72 532 261 795 323 700 592 549 0 910 837 551 716 696 359 772 290 828 573 111 954 1047 61 260 1019 219 568 617 746 144 192 119 216 661 918 320 403 647 1057 451 184 1079 287 598 652 866 632 86 260 483 751 264 918 215 764 515 52 1026 450 1074 506 87 1116 609 553 1119 938 821 140 860 195 882 77 806 953 769 716 847 892 824 671 619 927 
449 878 970 118 457 727 134 469 686 621 758 587 910 622 241 964 819 237 607 189 249 331 462 119 702 211 514 519 821 279 161 640 898 963 521 674 294 433 721 799 937 901 221 312 745 468 709 950 977 693 884 793 1064 48 688 539 486 193 988 831 756 693 451 246 802 456 627 759 770 224 438 938 380 589 171 836 294 302 936 722 659 380 556 676 683 649 175 778 217 515 537 495 147 630 316 682 289 374 447 357 834 160 620 580 246 750 522 838 391 904 221 746 210 493 860 910 0 113 682 454 549 558 640 622 526 367 1014 202 165 949 663 313 952 562 370 414 796 811 888 702 440 24 611 663 265 236 460 1094 207 732 319 505 462 395 826 870 433 652 1008 189 916 367 534 927 157 624 185 670 823 297 340 815 270 443 404 769 740 951 30 839 330 48 209 377 679 487 630 617 430 165 
345 808 859 150 391 618 206 367 686 613 672 489 812 632 145 888 706 190 510 177 262 218 356 8 620 146 462 407 709 214 112 527 806 890 456 670 347 339 608 710 826 802 228 200 635 357 596 887 882 621 772 731 981 139 690 429 498 99 897 750 665 587 339 261 733 369 649 690 686 224 398 839 329 485 146 735 181 190 824 613 562 268 585 566 625 543 132 676 261 518 560 434 46 557 208 656 192 390 345 303 750 217 510 571 216 718 489 765 346 809 264 709 157 494 749 837 113 0 680 482 436 498 529 557 419 273 944 155 210 871 602 264 860 451 362 450 714 757 828 623 328 104 555 561 217 235 386 1019 243 687 238 520 361 397 751 775 379 684 915 125 824 256 427 859 189 520 237 661 752 299 317 704 290 353 298 697 631 861 105 770 223 159 97 403 571 388 521 504 320 115 
905 509 1229 797 408 816 568 616 15 73 575 615 767 92 791 606 1031 869 611 852 433 728 656 687 516 823 326 748 935 886 793 884 700 583 388 10 432 942 939 621 1213 780 462 749 832 848 946 504 790 439 1139 406 742 641 23 918 203 761 757 563 616 734 716 925 463 986 152 444 570 462 318 809 393 1005 824 765 730 678 1151 802 628 725 205 1017 342 1038 813 748 899 166 190 379 718 439 651 148 590 311 912 417 598 535 772 112 896 199 240 509 370 744 473 228 529 189 931 551 682 680 0 264 853 353 966 386 939 562 599 835 848 613 362 941 739 753 318 309 554 361 449 492 747 703 323 682 475 908 449 696 889 266 525 191 929 287 519 722 374 203 796 803 716 790 678 527 838 694 867 48 488 972 365 908 951 967 861 470 1082 720 654 483 802 705 677 320 1041 962 997 877 697 795 
774 674 1192 572 379 818 325 563 262 231 664 615 860 182 616 775 1003 670 621 638 220 598 592 490 597 629 344 685 938 697 589 832 810 760 402 259 173 794 901 714 1169 865 254 607 837 740 902 702 903 539 1100 567 906 408 261 817 76 576 886 689 691 747 634 700 609 832 173 575 666 260 270 899 309 896 614 828 586 545 1129 807 657 614 102 938 466 942 608 792 664 126 85 377 526 505 528 340 462 100 778 319 714 295 744 204 690 414 269 656 290 842 233 429 358 124 951 716 454 482 264 0 775 397 889 462 827 471 791 633 616 773 468 746 858 707 170 45 667 547 640 580 654 477 409 697 324 689 419 887 658 444 413 75 796 126 658 813 329 201 919 607 828 659 639 708 611 689 631 275 635 751 225 918 723 815 726 597 1006 846 428 640 655 467 511 79 955 828 906 818 611 593 
180 689 431 538 445 253 619 238 866 780 492 293 527 852 335 726 270 433 312 494 590 219 196 430 482 404 530 110 299 389 440 96 562 743 474 842 711 250 175 501 402 506 563 237 264 96 160 790 603 539 341 668 763 572 873 92 748 372 642 586 454 280 141 569 633 287 899 600 509 550 542 535 476 173 472 432 255 258 388 257 341 175 859 165 609 189 446 371 615 737 824 477 405 487 260 753 321 676 190 459 562 615 164 747 468 781 613 638 499 537 634 754 445 715 352 696 549 436 853 775 0 519 115 527 135 304 804 435 583 700 576 431 606 128 605 763 552 725 751 503 122 537 571 296 456 530 404 843 591 711 362 772 194 651 616 509 481 951 642 412 574 187 193 740 555 246 609 813 638 565 549 306 593 275 188 590 232 619 539 661 235 593 342 708 187 210 145 72 163 438 
608 324 876 646 108 463 504 282 368 287 266 261 462 382 556 416 678 661 258 672 367 447 326 502 199 611 56 410 583 658 600 538 414 411 49 343 461 659 587 317 861 468 372 477 479 534 596 391 507 150 786 234 534 537 375 595 333 543 494 303 294 382 392 759 248 705 444 206 270 361 146 501 179 683 640 435 464 407 798 449 279 425 437 678 127 708 620 407 758 296 399 65 518 107 374 235 333 339 616 201 322 474 420 265 696 264 135 289 172 444 436 241 350 283 582 359 558 498 353 397 519 0 627 70 623 270 458 634 706 407 104 718 464 408 265 416 275 259 330 184 429 569 59 330 293 730 130 543 741 204 268 351 632 290 283 415 125 504 525 597 433 501 333 371 687 340 732 308 272 793 250 557 788 687 570 222 740 453 529 285 530 600 448 376 704 663 665 533 378 601 
215 770 329 614 558 287 721 350 979 894 569 387 569 967 411 796 202 493 403 560 701 318 310 522 570 473 642 218 284 443 515 110 617 816 584 956 821 274 141 570 297 545 673 330 290 172 116 872 642 633 244 760 816 669 986 106 863 453 688 662 527 340 256 624 720 296 1014 691 587 661 657 569 591 121 542 473 350 364 302 296 423 283 975 50 710 98 517 419 678 852 939 589 494 586 370 862 433 791 222 575 633 720 234 860 523 887 726 720 614 583 743 859 555 830 344 772 640 529 966 889 115 627 0 629 137 419 876 502 652 769 677 473 655 222 720 877 630 820 838 593 235 626 677 369 570 586 517 906 654 814 476 887 217 766 697 559 596 1066 682 485 626 273 295 819 625 326 677 926 722 611 664 303 645 290 246 678 117 671 634 745 312 682 440 822 78 216 56 102 278 512 
634 256 856 706 166 435 573 299 401 326 203 247 400 427 602 347 659 712 237 727 438 484 343 559 138 661 126 417 552 704 655 532 347 342 101 376 531 690 574 253 844 409 442 515 450 554 585 330 441 80 769 175 463 603 409 608 394 594 425 232 236 353 411 815 180 736 493 137 204 431 217 441 246 696 695 383 505 448 774 422 245 454 493 679 83 715 674 362 818 353 456 127 573 53 415 250 382 408 642 267 253 544 409 311 748 259 194 219 242 381 507 229 413 343 545 290 622 557 386 462 527 70 629 0 641 311 391 686 766 336 51 764 397 407 336 483 206 212 271 118 450 632 62 301 358 785 174 474 800 184 321 411 657 359 212 354 193 553 458 650 366 533 334 305 746 322 792 338 203 846 321 525 845 718 600 151 739 385 594 217 567 665 499 445 707 687 671 531 401 656 
81 819 451 486 536 384 621 342 951 866 624 420 661 927 287 859 340 359 440 427 623 230 298 411 610 343 626 231 409 308 389 209 697 876 576 929 737 136 268 635 416 640 592 229 392 91 246 919 737 661 373 791 898 559 957 44 812 333 777 719 588 415 231 488 760 163 967 726 641 581 621 668 549 69 412 565 250 282 436 389 473 216 919 156 724 123 388 505 544 809 886 574 379 606 299 852 365 727 87 528 696 624 299 829 388 888 701 768 572 672 655 863 475 785 466 828 526 419 939 827 135 623 137 641 0 377 936 371 521 834 692 335 741 260 664 808 684 845 877 629 194 509 679 430 502 451 499 978 520 823 421 836 80 709 747 644 565 1015 776 358 709 171 316 870 495 379 544 903 767 474 607 422 509 155 121 717 215 754 524 789 196 565 340 754 154 82 106 187 245 385 
346 548 722 422 168 385 378 110 574 489 399 220 542 552 292 621 537 404 240 428 304 177 125 273 350 354 258 215 495 394 355 362 532 626 221 552 428 392 434 436 698 534 283 206 403 285 432 635 610 363 630 484 708 367 580 357 444 288 624 480 391 335 162 517 475 438 596 433 413 269 244 571 173 443 396 470 194 137 663 376 292 163 555 469 390 480 372 414 531 435 519 210 277 298 104 484 81 375 353 155 478 362 289 452 441 528 325 501 196 537 361 508 182 412 522 573 367 273 562 471 304 270 419 311 377 0 682 381 482 603 361 453 587 242 301 462 444 523 580 356 187 369 330 299 167 484 140 752 510 474 65 468 370 347 486 503 189 647 642 345 551 234 187 600 458 267 510 527 491 543 246 481 546 419 304 436 537 588 344 511 259 415 196 408 488 402 441 346 141 355 
954 135 986 1094 557 599 961 630 613 581 312 522 357 681 971 82 813 1086 499 1109 821 837 668 946 338 1037 508 707 673 1071 1036 765 282 60 493 595 900 1020 768 306 990 384 829 872 604 864 789 95 321 322 919 229 169 995 620 896 715 970 263 217 350 536 731 1198 211 1065 748 254 295 819 596 386 637 975 1077 431 866 812 893 588 462 796 782 918 341 973 1054 468 1206 665 753 519 956 387 780 462 760 766 964 658 242 931 645 593 1124 400 540 180 630 332 889 373 804 667 632 111 1014 944 599 791 804 458 876 391 936 682 0 1064 1155 110 355 1130 274 676 707 824 253 244 152 327 771 1023 413 509 749 1166 558 97 1187 347 706 722 976 718 197 340 583 802 299 1027 283 875 625 87 1133 557 1181 558 191 1225 704 641 1228 1048 932 247 959 249 985 174 917 1057 878 799 950 1001 929 776 730 1037 
289 929 823 119 525 661 333 450 841 767 774 574 891 787 105 1002 698 36 597 59 415 251 425 148 730 31 603 446 731 79 44 532 897 1007 588 825 488 253 609 807 787 877 382 217 676 341 592 1014 964 743 744 861 1082 249 845 396 653 93 987 860 759 649 385 142 856 266 803 813 789 378 547 911 474 425 41 805 212 257 804 659 647 305 736 528 760 487 26 743 179 673 713 569 119 678 287 806 304 543 285 448 854 353 552 726 63 866 638 883 493 891 408 854 309 649 780 954 202 155 835 633 435 634 502 686 371 381 1064 0 150 983 734 113 949 493 517 599 823 893 957 737 358 178 692 633 366 105 512 1132 155 830 365 674 296 552 867 858 520 835 999 36 913 252 492 981 123 586 175 815 873 161 471 734 170 256 256 817 585 954 217 892 201 223 186 555 524 313 478 507 372 40 
439 1019 972 60 600 799 291 568 852 786 881 692 1014 787 248 1099 848 164 714 94 414 385 550 209 831 180 667 583 876 218 144 679 1012 1101 665 839 450 399 758 918 936 1002 386 355 815 489 741 1096 1086 832 894 940 1190 208 854 546 652 217 1103 961 872 780 519 90 943 405 789 900 895 389 595 1038 532 574 111 932 345 378 955 796 766 440 717 678 833 636 136 871 52 681 700 642 206 767 403 845 401 540 434 507 960 320 690 746 147 912 682 975 546 1012 383 906 357 659 923 1047 165 210 848 616 583 706 652 766 521 482 1155 150 0 1082 810 220 1066 630 536 575 925 963 1036 834 497 146 761 759 416 99 596 1230 42 889 449 669 445 561 962 978 584 812 1119 170 1030 397 620 1070 27 714 28 836 963 144 502 877 108 398 406 907 734 1068 194 980 347 150 290 540 673 460 627 655 504 146 
856 104 877 1022 495 490 909 540 628 582 214 425 250 687 887 28 703 1003 402 1031 775 748 575 872 252 955 462 607 563 985 958 658 173 56 433 607 864 923 658 200 880 276 779 784 494 764 680 154 224 259 809 210 132 934 635 793 699 890 170 123 246 428 636 1120 164 968 755 202 197 767 552 282 581 871 999 321 780 728 784 479 362 704 780 810 307 866 975 358 1132 651 747 461 880 319 696 467 683 735 866 600 138 880 539 587 1041 417 510 119 578 225 843 385 740 649 522 61 949 871 613 773 700 407 769 336 834 603 110 983 1082 0 311 1043 172 573 669 802 160 253 177 248 675 957 372 404 688 1087 489 149 1112 347 634 710 877 686 124 231 528 812 210 947 175 782 527 100 1059 454 1109 568 138 1144 657 531 1150 951 836 185 850 147 922 134 827 994 799 771 842 901 823 669 637 958 
685 222 896 750 210 473 606 350 377 309 213 292 409 413 652 318 699 760 280 774 467 535 394 604 155 710 153 467 588 754 701 579 348 310 146 353 553 741 617 261 885 420 474 566 487 605 630 287 441 78 810 130 442 641 385 659 397 642 419 221 254 390 462 861 148 788 480 109 210 464 242 450 283 747 741 403 555 498 812 459 282 506 489 727 32 765 721 389 862 352 453 168 620 92 466 219 430 424 694 306 248 576 454 300 796 216 200 192 276 387 535 185 454 346 576 260 663 602 362 468 576 104 677 51 692 361 355 734 810 311 0 814 393 455 357 493 201 161 226 130 501 674 61 340 398 832 222 442 844 137 368 411 709 374 191 363 229 540 453 697 366 585 383 267 790 365 836 313 173 894 349 559 891 769 651 129 785 379 634 183 618 704 548 459 755 739 720 578 452 702 
258 998 776 215 610 675 445 502 948 871 830 622 926 896 162 1064 675 77 645 134 526 294 470 256 792 118 693 468 729 59 157 525 941 1072 670 931 601 200 597 857 738 910 493 259 688 334 576 1088 1001 815 704 937 1134 360 952 370 762 181 1030 920 809 677 418 160 926 194 914 885 846 489 644 943 569 376 142 835 263 318 770 676 693 341 848 488 842 437 139 773 224 780 824 654 223 750 350 903 384 654 251 542 909 466 570 830 73 960 735 950 589 930 521 946 412 756 783 1019 313 264 941 746 431 718 473 764 335 453 1130 113 220 1043 814 0 992 514 624 711 882 975 1033 803 383 289 777 670 467 127 591 1192 202 918 450 784 255 660 932 897 611 947 1038 139 957 270 529 1051 200 620 235 918 941 138 576 737 176 191 242 886 537 999 330 962 219 329 272 666 478 262 437 501 410 153 
777 252 720 1008 524 367 936 500 754 696 202 375 90 802 847 198 558 965 353 1003 816 702 524 860 267 919 520 530 416 938 931 546 54 228 474 732 921 847 530 154 726 117 813 737 366 685 553 326 54 319 659 337 162 946 762 698 789 859 37 176 196 326 574 1091 276 889 870 295 195 800 607 113 616 767 972 181 738 693 626 359 302 651 882 690 403 752 947 236 1113 745 847 502 860 358 665 590 667 803 787 628 145 911 442 692 1003 553 589 234 619 71 885 519 750 738 368 219 952 860 739 858 606 464 655 397 741 587 274 949 1066 172 393 992 0 489 728 880 192 396 338 280 610 955 450 322 708 1055 504 265 1091 474 633 804 796 754 220 97 568 929 61 915 36 723 463 269 1042 374 1094 691 254 1107 704 385 1120 874 766 270 721 25 927 264 772 999 776 841 722 816 711 562 582 931 
288 560 486 578 348 168 605 144 767 682 363 166 415 762 387 599 296 500 184 551 547 244 117 447 354 461 427 47 260 464 486 131 442 615 366 743 671 358 194 374 465 397 524 275 185 195 196 661 491 412 394 541 641 576 774 220 670 413 526 458 327 164 112 633 504 400 814 473 381 511 454 429 399 302 523 322 285 261 422 166 213 189 783 272 487 311 497 260 670 652 746 374 432 364 247 643 290 613 298 387 435 594 59 651 537 665 514 509 419 422 601 636 415 632 297 568 562 451 753 707 128 408 222 407 260 242 676 493 630 573 455 514 489 0 536 702 423 599 622 375 134 556 456 170 409 595 306 718 646 591 307 694 307 581 487 391 392 869 529 463 455 245 75 611 603 119 658 711 509 640 483 253 660 385 279 462 333 500 547 532 297 610 355 648 300 329 266 125 132 485 
617 578 1022 482 219 652 273 392 324 252 527 451 718 274 478 675 832 552 459 534 127 438 421 369 461 506 209 515 770 570 475 661 676 666 256 308 195 644 731 577 998 720 149 452 670 575 731 628 768 416 929 477 798 334 328 651 148 445 759 569 548 583 464 609 506 685 304 466 533 146 120 755 140 733 506 676 431 385 958 641 499 449 255 769 366 776 495 635 587 156 221 228 401 370 365 315 299 80 621 149 587 239 574 211 578 386 170 549 123 703 186 387 214 132 786 617 370 362 318 170 605 265 720 336 664 301 707 517 536 669 357 624 728 536 0 168 541 476 564 448 486 389 296 535 167 591 255 798 576 383 245 172 639 45 546 672 168 350 789 486 695 500 469 620 524 523 556 301 531 655 57 751 636 666 569 484 838 719 341 540 503 399 367 118 788 672 740 647 442 477 
752 704 1185 532 386 821 284 559 307 273 682 619 877 227 586 804 998 635 627 600 190 578 585 458 615 596 360 678 939 664 555 824 830 791 416 304 129 769 896 733 1160 881 224 585 839 723 895 737 923 561 1093 598 933 368 307 800 115 545 908 713 707 752 623 660 637 806 215 602 686 232 280 916 308 878 577 841 563 526 1124 809 666 598 142 924 494 925 573 802 622 165 129 389 494 523 511 379 445 89 756 315 736 255 741 244 654 454 293 683 292 860 193 467 334 157 955 746 414 450 309 45 763 416 877 483 808 462 824 599 575 802 493 711 880 702 168 0 689 581 673 600 641 438 433 703 307 651 423 919 617 479 401 118 773 130 684 830 335 237 941 573 849 639 636 740 571 692 589 318 663 711 218 920 683 788 703 623 993 868 389 669 631 425 485 54 940 805 891 809 600 558 
701 141 780 865 348 367 764 380 569 507 60 268 214 612 727 181 593 843 246 871 636 588 416 715 94 795 332 454 462 825 799 520 147 193 291 546 736 767 533 78 777 230 637 624 375 610 552 243 239 128 704 170 268 784 577 643 597 730 219 37 105 294 478 960 110 812 680 111 43 624 421 255 438 725 840 235 620 568 690 354 210 545 691 674 213 726 816 247 974 553 655 320 721 173 536 406 524 614 710 454 47 737 396 501 881 378 398 92 438 190 706 343 588 546 433 144 796 714 554 667 552 275 630 206 684 444 253 823 925 160 201 882 192 423 541 689 0 237 217 96 518 802 258 260 539 927 336 310 954 295 478 612 722 565 68 171 387 740 252 787 164 623 371 189 902 306 952 506 100 984 521 430 990 795 679 86 721 179 769 122 667 841 640 651 706 748 681 528 478 799 
843 150 1008 904 368 587 742 507 375 337 283 433 444 439 813 245 816 920 417 931 597 696 550 761 255 870 297 617 691 915 860 716 367 223 305 356 665 901 744 316 1002 463 610 728 598 761 760 155 450 186 927 67 381 786 383 811 471 802 408 230 333 506 618 1018 127 948 507 136 271 601 376 485 432 898 899 473 717 660 920 573 404 666 538 868 133 911 879 479 1016 421 508 324 778 239 627 219 591 528 852 456 270 710 589 348 956 163 306 163 420 418 662 132 606 423 668 192 811 757 361 547 725 259 820 212 845 523 244 893 963 253 161 975 396 599 476 581 237 0 92 230 658 824 202 462 548 990 384 341 999 102 528 478 867 481 180 405 379 562 448 857 381 745 532 167 945 497 989 317 144 1052 482 660 1048 929 811 157 923 374 782 132 779 850 707 559 898 896 866 719 610 861 
883 87 998 976 436 584 825 548 463 429 274 458 400 529 872 162 811 983 438 999 682 747 589 830 268 932 374 646 679 974 926 730 320 136 371 445 754 944 748 293 995 423 693 780 593 797 766 64 392 220 921 96 297 865 470 840 563 865 343 196 322 508 657 1086 118 991 597 152 258 684 459 438 508 924 966 446 771 715 907 571 415 712 630 884 205 932 945 464 1088 513 601 394 845 283 683 310 653 619 892 531 236 794 604 441 1019 250 394 126 498 374 748 222 680 516 648 119 888 828 449 640 751 330 838 271 877 580 152 957 1036 177 226 1033 338 622 564 673 217 92 0 248 697 900 277 470 623 1057 445 249 1070 195 593 570 906 571 149 367 454 652 384 921 330 792 561 80 1016 512 1062 407 117 1118 566 647 1116 973 854 160 934 314 859 95 829 929 771 651 915 934 887 736 651 927 
637 196 782 774 252 358 668 305 508 438 85 210 282 541 644 265 587 759 191 784 541 511 345 624 26 710 240 398 468 744 711 487 230 270 196 483 642 700 514 135 774 292 541 545 371 549 529 292 323 53 699 167 363 689 516 592 513 644 310 129 123 277 411 873 130 746 608 98 86 528 327 323 342 677 752 273 539 485 695 345 173 471 611 640 152 686 729 262 884 471 575 225 632 78 453 348 435 522 647 358 140 641 360 426 797 337 312 146 343 263 610 303 493 462 451 216 702 623 492 580 503 184 593 118 629 356 327 737 834 248 130 803 280 375 448 600 96 230 248 0 451 709 177 231 444 840 241 395 864 254 386 529 660 474 130 236 291 668 341 701 249 551 313 249 812 268 861 444 140 899 426 437 903 728 611 88 693 270 675 162 592 747 553 560 670 687 641 491 408 711 
186 646 553 446 342 302 500 151 759 674 461 250 542 740 253 699 383 366 272 417 467 113 108 323 435 326 431 87 382 331 353 202 560 711 381 737 589 249 282 482 525 526 440 142 317 104 273 744 618 477 462 607 756 460 766 170 631 280 648 554 433 294 40 499 582 294 783 545 478 427 431 559 361 257 390 452 153 141 505 300 316 60 741 283 533 292 363 389 536 623 706 379 304 419 138 658 198 555 195 343 538 495 193 638 403 693 508 596 384 546 512 670 323 600 426 661 440 328 747 654 122 429 235 450 194 187 771 358 497 675 501 383 610 134 486 641 518 658 697 451 0 432 486 287 334 461 305 824 512 630 241 655 209 532 576 514 373 834 655 329 575 113 149 699 470 236 525 710 591 506 429 380 526 277 161 539 352 619 428 614 164 487 231 587 301 238 254 180 50 351 
431 888 955 95 466 722 158 468 707 641 763 588 911 643 223 972 808 213 608 164 269 320 459 109 708 189 527 511 813 256 138 629 901 972 531 694 318 413 710 803 922 902 241 299 739 454 697 961 979 702 870 804 1070 72 710 523 508 176 992 837 759 690 444 223 812 435 650 769 776 243 452 938 392 572 147 836 282 294 924 717 660 372 579 661 695 632 152 777 198 536 560 506 132 639 311 700 289 396 429 368 840 183 614 600 222 767 538 846 405 906 244 762 219 514 854 918 24 104 703 477 537 569 626 632 509 369 1023 178 146 957 674 289 955 556 389 438 802 824 900 709 432 0 623 662 276 212 468 1102 186 746 324 527 444 415 834 872 445 676 1011 167 919 353 530 937 135 622 167 690 832 274 356 809 248 422 387 778 724 955 49 849 314 56 201 400 663 468 614 606 424 143 
666 282 914 702 167 495 549 337 338 263 262 301 460 365 615 379 716 721 294 730 408 507 381 559 199 670 96 461 613 718 658 584 403 370 108 314 492 718 629 312 901 469 417 536 511 590 640 340 497 131 826 184 503 587 346 649 338 602 477 280 298 413 448 816 209 765 431 170 262 407 183 501 231 738 698 446 524 466 833 481 306 483 434 728 73 760 678 425 814 295 398 123 577 115 434 191 393 363 674 254 305 518 463 249 755 209 140 253 220 439 476 184 404 287 607 320 611 555 323 409 571 59 677 62 679 330 413 692 761 372 61 777 450 456 296 433 258 202 277 177 486 623 0 361 346 788 189 502 797 145 328 354 690 313 252 413 178 491 511 656 421 560 382 325 743 378 787 276 234 851 290 586 846 746 629 190 789 437 581 243 589 651 508 398 755 721 716 580 435 660 
458 400 556 702 317 134 675 194 697 617 199 85 257 710 529 430 359 646 76 689 583 383 209 559 206 602 369 208 253 617 619 261 273 448 303 672 703 527 282 204 545 243 569 418 149 365 298 502 331 279 470 398 472 666 704 388 645 545 360 292 159 52 252 775 352 570 771 327 217 555 427 279 397 466 659 174 421 381 473 120 58 330 755 415 370 466 633 115 803 616 717 323 553 249 356 552 374 615 468 397 267 657 136 594 684 557 459 350 411 259 647 524 480 599 255 403 663 561 682 697 296 330 369 301 430 299 509 633 759 404 340 670 322 170 535 703 260 462 470 231 287 662 361 0 453 738 279 548 780 476 358 666 477 574 327 227 368 830 367 601 288 400 142 449 733 51 787 635 353 788 491 227 804 554 444 312 464 331 642 376 450 711 470 653 446 500 421 268 262 618 
451 614 883 357 193 549 228 275 483 405 508 369 677 441 315 702 702 399 384 394 137 273 291 221 447 351 250 379 661 411 327 524 653 700 256 465 261 476 599 553 857 673 117 285 568 415 596 685 739 430 791 528 808 245 488 492 315 286 742 573 513 494 319 477 538 518 471 495 518 103 182 710 115 571 363 616 264 220 828 540 433 290 418 617 418 618 347 565 469 321 386 230 247 369 203 439 138 224 455 91 581 206 456 364 429 501 272 575 130 667 195 492 59 297 687 647 265 217 475 324 456 293 570 358 502 167 749 366 416 688 398 467 708 409 167 307 539 548 623 444 334 276 346 453 0 452 204 831 453 472 101 338 473 210 565 634 168 516 766 332 672 335 353 663 399 427 441 451 560 516 112 647 505 499 403 506 686 704 236 575 336 307 202 253 632 505 583 507 296 329 
370 1031 898 119 622 762 370 555 913 843 879 679 996 853 209 1105 787 96 702 58 478 355 531 231 834 136 697 548 828 143 130 626 1002 1110 686 899 530 320 702 912 861 982 447 321 777 434 683 1115 1069 845 824 960 1187 283 916 481 718 197 1092 964 864 753 489 38 957 319 862 915 894 446 634 1016 565 497 90 909 317 362 887 761 753 409 792 607 857 559 111 847 97 743 772 665 211 780 392 891 406 606 364 538 958 396 654 802 63 954 724 985 582 996 457 944 393 720 879 1057 236 235 908 689 530 730 586 785 451 484 1166 105 99 1087 832 127 1055 595 591 651 927 990 1057 840 461 212 788 738 452 0 611 1236 76 922 463 737 372 621 970 963 613 888 1105 140 1019 352 597 1083 87 691 110 892 975 64 550 832 65 315 344 919 658 1059 261 993 299 235 287 612 598 383 556 602 477 129 
479 422 789 536 42 400 431 166 462 377 304 196 478 456 429 504 594 538 204 554 316 317 207 388 243 487 126 298 520 531 481 437 450 505 81 439 430 529 497 349 770 477 309 347 418 408 502 503 537 235 698 349 605 447 469 473 372 419 538 370 311 328 270 642 347 576 509 304 314 296 152 513 119 562 521 426 334 277 719 388 245 296 484 568 250 591 500 382 648 349 446 74 400 171 245 353 208 335 487 125 377 407 332 345 574 391 209 379 131 467 384 370 251 329 532 451 460 386 449 419 404 130 517 174 499 140 558 512 596 489 222 591 504 306 255 423 336 384 445 241 305 468 189 279 204 611 0 634 629 334 148 394 503 294 366 434 90 566 563 475 469 371 232 473 575 270 623 409 366 672 214 499 672 557 441 311 633 500 433 383 399 505 325 373 591 535 549 428 254 482 
1003 220 984 1170 637 621 1047 690 710 678 363 574 355 778 1037 130 822 1153 551 1180 909 898 724 1020 401 1104 595 754 680 1135 1107 796 291 132 574 692 992 1071 788 343 991 382 916 933 623 911 810 192 301 400 924 322 115 1077 717 936 811 1039 241 272 391 567 784 1269 294 1115 845 337 346 905 685 375 721 1012 1148 441 930 878 890 611 509 854 880 945 431 1004 1124 488 1280 761 850 601 1028 463 846 560 831 859 1013 741 285 1018 681 690 1191 497 632 256 716 333 978 471 884 762 633 184 1094 1019 696 887 843 543 906 474 978 752 97 1132 1230 149 442 1192 265 718 798 919 310 341 249 395 824 1102 502 548 831 1236 634 0 1260 444 781 819 1024 810 267 350 667 899 270 1096 285 931 675 179 1207 599 1257 655 271 1293 792 649 1299 1099 984 325 981 243 1066 258 976 1138 948 893 977 1047 961 808 786 1107 
439 1051 969 95 634 814 333 592 893 827 909 716 1037 828 259 1129 852 161 738 96 456 402 571 240 860 187 703 599 887 212 161 687 1038 1133 699 881 492 393 764 945 932 1024 427 370 830 495 747 1130 1109 864 893 974 1218 250 896 548 693 235 1129 990 898 799 537 53 976 394 831 933 923 429 633 1059 568 569 122 953 362 399 956 812 790 457 759 676 868 631 148 892 24 723 742 676 232 799 426 885 429 581 433 543 988 362 705 787 134 951 721 1007 583 1035 425 944 394 700 935 1079 207 243 889 658 591 741 654 800 520 510 1187 155 42 1112 844 202 1091 646 576 617 954 999 1070 864 512 186 797 780 453 76 629 1260 0 926 480 711 442 602 993 1002 619 854 1143 182 1055 407 640 1102 54 734 37 877 995 107 541 889 67 389 409 939 730 1094 235 1012 356 192 315 582 670 455 626 663 522 162 
811 243 1032 830 309 608 653 480 281 236 327 430 510 339 757 343 835 859 418 864 507 652 524 691 280 809 226 601 721 859 794 716 438 323 253 260 567 863 754 369 1021 525 523 681 622 734 767 257 527 201 946 139 478 703 289 791 368 741 492 300 374 525 591 948 198 910 407 184 319 515 294 551 358 880 832 522 668 611 947 594 418 629 436 864 106 900 814 516 941 318 406 265 712 229 579 119 534 430 819 384 337 620 592 245 893 84 214 242 342 485 570 49 532 322 705 287 732 687 266 444 711 204 814 184 823 474 347 830 889 347 137 918 474 591 383 479 295 102 195 254 630 746 145 476 472 922 334 444 926 0 468 375 835 384 254 467 309 464 530 794 454 705 519 268 871 503 913 220 221 986 395 691 978 891 774 209 923 455 702 216 734 768 647 460 892 866 856 715 580 795 
381 570 785 388 160 449 316 174 535 451 439 276 594 506 288 650 602 392 294 405 239 203 190 239 384 342 243 278 560 391 333 424 578 652 222 514 363 418 498 479 759 587 218 225 468 331 496 651 660 383 692 496 745 313 541 406 391 274 669 513 436 397 222 493 495 462 545 452 451 204 208 624 131 489 373 527 208 153 727 440 345 205 500 525 394 531 352 472 500 387 465 204 252 319 126 461 68 314 386 107 515 299 355 413 427 512 296 526 154 587 295 497 121 363 587 598 319 238 525 413 362 268 476 321 421 65 706 365 449 634 368 450 633 307 245 401 478 528 593 386 241 324 328 358 101 463 148 781 480 468 0 415 404 290 513 553 163 594 689 329 597 264 252 622 427 329 476 493 514 525 188 546 523 443 335 459 593 631 294 532 279 366 180 346 542 437 494 408 199 334 
789 609 1180 622 352 792 382 549 191 156 614 586 811 117 645 710 987 709 590 684 260 610 582 527 548 666 301 677 913 732 630 822 757 694 364 185 240 815 887 664 1159 819 292 624 810 746 890 632 851 485 1088 502 843 461 191 822 23 609 830 631 645 717 630 750 547 856 132 516 615 295 241 852 296 904 658 787 603 558 1112 780 622 620 90 937 406 946 650 755 719 59 52 342 561 457 537 267 471 131 794 312 659 350 725 131 732 340 217 594 275 792 287 357 381 68 921 652 505 520 191 75 772 351 887 411 836 468 722 674 669 710 411 784 804 694 172 118 612 478 570 529 655 527 354 666 338 737 394 819 711 375 415 0 812 128 598 765 304 179 864 645 775 673 623 641 662 663 686 200 573 800 229 891 775 837 741 539 1005 790 477 576 675 523 536 131 956 844 909 810 609 633 
24 854 528 413 536 448 566 360 939 855 664 454 719 909 221 901 420 281 476 350 584 201 317 352 643 269 627 270 483 229 317 280 750 916 583 918 693 58 346 680 491 699 552 188 458 112 324 952 795 687 452 816 949 498 945 117 788 268 832 758 632 469 249 409 790 93 944 754 681 542 611 729 535 129 337 624 210 254 515 451 515 207 892 235 740 191 315 563 465 789 860 577 317 628 277 853 341 696 17 512 739 573 354 817 309 894 695 803 559 728 609 873 439 765 540 866 462 361 929 796 194 632 217 657 80 370 976 296 445 877 709 255 796 307 639 773 722 867 906 660 209 444 690 477 473 372 503 1024 442 835 404 812 0 683 782 698 559 989 834 286 762 139 350 906 419 425 467 896 799 394 583 495 429 80 70 748 289 807 463 822 143 498 292 721 228 32 184 257 256 313 
661 592 1066 509 256 693 286 436 292 226 556 490 748 236 518 691 876 587 498 566 146 483 466 404 489 542 234 560 812 607 509 706 704 680 286 278 183 687 775 606 1043 752 174 495 712 620 776 635 797 438 974 488 817 355 295 697 105 483 784 591 579 623 510 637 522 727 261 484 560 174 150 787 182 778 538 711 475 430 1002 682 536 494 210 815 380 822 529 672 612 121 176 260 437 397 410 304 344 49 665 193 612 253 617 186 612 377 178 567 164 732 194 383 253 98 826 632 395 397 287 126 651 290 766 359 709 347 718 552 561 686 374 660 754 581 45 130 565 481 571 474 532 415 313 574 210 621 294 810 602 384 290 128 683 0 565 702 205 306 815 521 723 545 513 632 551 564 580 276 547 685 102 792 664 709 613 504 883 744 366 555 546 420 408 86 833 716 785 692 487 512 
760 73 848 902 371 436 784 433 535 480 128 328 264 585 774 137 662 889 306 914 650 640 471 753 140 840 338 515 529 874 841 588 187 140 309 512 742 825 602 144 846 283 654 674 444 671 620 175 273 134 772 117 251 811 542 707 585 774 238 50 174 362 535 1003 56 870 654 82 111 643 428 304 457 789 882 299 669 615 757 423 275 599 671 742 192 793 858 315 1013 539 637 337 762 196 583 371 565 615 770 475 90 756 463 479 927 333 391 23 454 238 719 299 617 534 499 86 826 751 519 658 616 283 697 212 747 486 197 867 962 124 191 932 220 487 546 684 68 180 149 130 576 834 252 327 565 970 366 267 993 254 513 598 782 565 0 226 404 712 276 831 201 678 432 123 940 372 989 472 36 1029 533 497 1033 853 736 61 789 201 799 54 720 871 682 650 773 808 748 595 534 841 
680 281 646 920 459 272 862 410 738 672 150 286 46 776 754 259 474 872 264 912 749 608 432 773 216 827 470 433 333 843 841 450 60 286 416 714 860 750 437 101 649 58 743 643 272 587 460 372 107 285 578 340 256 866 746 600 748 768 134 175 124 229 479 999 278 792 843 283 152 730 552 87 550 670 881 91 645 602 553 263 212 557 848 596 380 657 856 140 1024 707 811 444 771 308 575 575 582 749 690 559 135 839 345 662 910 550 547 246 556 34 818 515 672 697 291 260 870 775 722 813 509 415 559 354 644 503 340 858 978 231 363 897 97 391 672 830 171 405 367 236 514 872 413 227 634 963 434 350 1002 467 553 765 698 702 226 0 506 903 141 824 66 627 368 313 953 277 1006 674 262 1014 642 301 1028 777 670 257 630 111 846 279 677 918 688 788 628 718 615 465 488 840 
535 449 877 524 50 490 380 248 386 300 366 285 552 371 451 539 683 550 292 555 249 362 286 382 300 500 83 379 610 552 484 522 515 535 95 363 354 578 584 414 857 553 250 387 508 474 588 516 605 269 785 359 652 411 392 543 282 432 600 418 382 418 342 640 373 623 422 330 373 238 62 589 54 630 523 507 371 315 808 478 330 352 394 646 250 665 504 467 636 260 356 67 403 213 285 298 231 249 542 76 432 351 421 265 583 349 136 412 51 538 318 335 226 240 621 483 433 379 374 329 481 125 596 193 565 189 583 520 584 528 229 611 568 392 168 335 387 379 454 291 373 445 178 368 168 613 90 667 619 309 163 304 559 205 404 506 0 478 628 485 534 421 319 496 565 361 609 337 396 676 136 589 669 604 492 344 713 560 404 409 441 474 339 287 668 591 624 511 323 486 
967 708 1355 770 523 960 521 725 190 233 753 754 949 127 816 807 1161 871 755 838 421 789 760 691 690 830 461 854 1080 898 791 999 887 785 526 207 362 991 1062 802 1335 960 455 801 977 926 1066 707 979 618 1263 603 943 605 183 1001 203 777 951 753 789 882 809 897 658 1030 60 634 750 461 415 990 474 1084 815 936 780 736 1285 947 782 799 99 1116 526 1126 810 911 858 217 129 507 727 604 716 344 650 296 971 491 785 492 898 241 891 402 370 704 452 928 431 430 555 237 1084 751 652 684 203 201 951 504 1066 553 1015 647 802 835 812 812 540 947 929 869 350 237 740 562 652 668 834 676 491 830 516 888 566 899 854 464 594 179 989 306 712 903 478 0 988 808 904 851 797 729 808 832 825 245 683 949 407 1057 920 1012 919 659 1184 912 627 680 851 662 709 280 1135 1021 1088 987 788 794 
816 301 719 1061 584 395 995 551 811 755 262 427 114 860 896 232 568 1013 405 1053 876 750 574 913 328 969 581 572 427 984 983 575 113 263 534 789 981 887 551 214 728 136 872 785 391 724 575 364 39 380 664 392 156 1003 819 732 850 910 40 234 253 365 620 1141 332 927 929 354 256 859 668 115 676 797 1023 210 787 744 626 388 353 698 942 714 462 778 997 270 1165 806 907 563 912 419 716 647 722 864 826 687 205 970 479 751 1051 608 650 288 679 108 945 574 807 799 374 264 1008 915 796 919 642 525 682 458 776 642 299 999 1119 210 453 1038 61 529 789 941 252 448 384 341 655 1011 511 367 766 1105 563 270 1143 530 689 864 834 815 276 141 628 988 0 966 94 768 509 310 1094 418 1147 749 309 1156 764 398 1170 913 808 329 740 75 984 317 818 1055 829 902 746 852 738 593 629 982 
277 893 809 128 489 632 315 416 810 734 739 540 858 757 78 966 679 66 563 88 387 220 392 117 694 22 568 416 706 92 31 509 862 971 552 793 466 249 587 772 774 844 353 187 647 320 571 978 931 707 729 824 1047 233 814 379 623 57 953 824 724 617 354 175 819 268 775 777 754 349 512 879 439 416 60 773 180 222 787 629 613 274 709 514 724 477 33 711 206 642 685 533 85 642 251 771 268 515 273 412 818 332 523 693 99 831 603 847 458 857 384 819 275 618 754 918 189 125 803 607 412 597 485 650 358 345 1027 36 170 947 697 139 915 463 486 573 787 857 921 701 329 167 656 601 332 140 475 1096 182 794 329 645 286 521 831 824 485 808 966 0 879 227 459 945 143 554 197 782 836 197 439 707 204 256 239 781 573 920 200 855 177 217 150 528 512 307 464 484 340 27 
744 243 704 971 490 339 901 463 732 671 168 339 74 777 811 203 537 929 316 967 781 666 489 823 234 883 489 496 396 902 895 517 19 232 440 709 887 814 504 120 709 101 778 701 339 651 527 325 75 290 640 319 189 910 740 666 760 823 73 154 160 294 539 1055 257 856 845 272 163 765 575 108 581 736 936 156 702 657 611 330 266 616 855 663 377 724 910 206 1077 717 819 469 823 326 628 568 631 771 754 593 118 876 410 666 967 534 560 218 585 49 850 500 714 709 350 215 916 824 716 828 574 433 626 366 709 551 283 913 1030 175 366 957 36 455 695 849 164 381 330 249 575 919 421 288 672 1019 469 285 1055 454 597 775 762 723 201 66 534 904 94 879 0 688 427 266 1005 339 1058 668 236 1071 670 364 1084 841 732 246 696 45 891 249 737 963 740 809 695 783 682 531 546 895 
116 747 603 351 402 411 452 245 800 716 568 357 656 769 148 805 456 255 380 311 452 62 207 249 537 220 492 199 479 218 254 282 673 816 452 779 565 158 362 592 570 639 421 57 425 100 347 842 731 571 517 699 867 395 806 174 649 185 760 660 543 407 148 390 679 204 805 640 585 410 472 673 396 241 287 565 79 114 570 410 426 79 754 311 615 294 260 503 431 650 721 444 221 509 138 718 201 559 122 372 646 453 303 678 292 762 557 697 419 660 483 741 305 625 528 764 367 256 790 659 187 501 273 533 171 234 875 252 397 782 585 270 723 245 500 639 623 745 792 551 113 353 560 400 335 352 371 931 407 705 264 673 139 545 678 627 421 851 768 227 688 0 260 800 370 350 424 757 691 394 444 481 416 185 71 637 377 731 361 713 52 410 169 585 318 172 267 258 145 251 
329 504 557 564 274 198 562 78 692 607 314 104 399 688 387 551 364 504 125 547 490 241 71 424 294 460 352 85 308 475 479 206 412 565 291 668 614 395 265 333 538 385 470 276 217 238 269 603 473 346 466 475 607 542 699 279 600 405 500 408 284 160 111 634 443 440 741 409 331 456 382 419 330 366 518 313 279 242 489 191 166 188 712 346 415 381 492 251 663 580 675 299 415 294 219 568 249 547 339 321 390 547 105 577 542 591 440 453 349 401 548 563 367 560 335 515 534 427 678 639 193 333 295 334 316 187 625 492 620 527 383 529 463 75 469 636 371 532 561 313 149 530 382 142 353 597 232 675 640 519 252 623 350 513 432 368 319 797 509 459 427 260 0 556 594 94 648 636 450 646 418 294 662 423 309 400 407 470 515 473 309 582 333 583 373 376 336 199 120 478 
884 52 955 1009 471 552 874 554 541 504 249 452 340 606 891 83 773 1005 430 1026 734 760 593 861 263 955 421 639 637 992 953 709 259 56 406 522 814 948 719 255 955 364 742 794 558 794 739 59 322 238 882 143 217 908 549 831 632 888 270 158 293 482 658 1115 126 994 674 169 232 732 509 375 550 913 994 397 787 733 862 539 398 720 704 863 254 915 971 425 1121 583 673 432 873 303 700 386 677 680 893 571 191 843 585 513 1042 328 453 103 543 313 801 299 718 583 601 52 927 859 527 708 740 371 819 305 870 600 87 981 1070 100 267 1051 269 611 620 740 189 167 80 249 699 937 325 449 663 1083 473 179 1102 268 622 641 906 632 123 313 496 729 310 945 266 800 556 0 1048 495 1096 484 109 1143 616 605 1144 976 859 164 909 244 899 89 841 970 796 713 895 932 870 717 656 954 
413 997 946 41 580 772 287 543 842 775 858 667 989 779 221 1077 821 140 689 69 405 358 524 187 808 153 648 557 849 194 116 652 988 1079 645 829 448 374 730 894 910 977 376 328 788 462 714 1076 1060 810 868 920 1167 203 845 519 644 190 1079 938 847 753 493 89 922 382 784 879 871 377 579 1012 514 548 84 906 318 352 928 769 740 413 713 651 813 610 109 845 72 672 694 622 181 746 378 831 377 532 408 489 936 316 663 734 126 897 667 954 529 987 378 890 339 649 896 1026 157 189 838 611 555 687 625 746 495 458 1133 123 27 1059 790 200 1042 603 524 571 902 945 1016 812 470 135 743 733 399 87 575 1207 54 871 427 662 419 551 940 953 565 808 1094 143 1005 370 594 1048 0 688 54 825 941 141 488 849 113 374 379 886 708 1044 185 959 320 149 265 534 647 435 601 627 477 119 
406 445 535 658 311 129 645 157 708 626 246 79 306 716 481 480 338 597 85 642 561 335 164 517 244 554 373 157 249 567 573 219 325 497 308 684 683 475 251 255 522 291 545 369 147 313 264 547 381 311 447 435 523 630 716 338 642 499 411 340 208 68 202 728 394 518 774 365 264 530 422 325 383 418 613 219 373 336 457 117 97 281 753 372 396 420 586 157 758 616 715 324 509 273 313 570 336 603 416 380 316 628 92 601 635 581 464 395 399 309 622 550 449 598 263 450 624 520 694 689 246 340 326 322 379 267 557 586 714 454 365 620 374 119 523 692 306 497 512 268 236 622 378 51 427 691 270 599 734 503 329 663 425 564 372 277 361 832 418 554 339 350 94 495 688 0 742 649 396 739 476 228 756 502 392 352 425 383 605 419 400 673 427 641 403 448 375 224 213 572 
463 1045 995 87 626 827 305 596 870 806 909 720 1042 804 275 1126 873 186 742 117 434 413 578 237 858 205 692 611 903 239 171 706 1040 1128 691 858 463 420 784 946 959 1030 407 383 843 515 767 1122 1114 859 918 966 1218 225 872 571 669 245 1131 988 900 808 547 90 970 425 804 927 923 410 619 1066 557 596 137 961 373 406 979 824 794 468 731 701 858 658 163 900 33 700 715 667 234 794 431 868 429 557 458 532 987 336 717 766 164 935 705 1002 570 1040 399 929 382 678 950 1074 185 237 867 631 609 732 677 792 544 510 1181 175 28 1109 836 235 1094 658 556 589 952 989 1062 861 525 167 787 787 441 110 623 1257 37 913 476 686 467 580 989 1006 609 825 1147 197 1058 424 648 1096 54 742 0 856 989 144 524 904 101 418 431 934 756 1096 215 1007 374 163 318 556 696 482 651 681 532 173 
872 464 1184 783 369 769 561 576 64 49 526 570 719 124 766 562 986 848 565 835 422 696 617 667 468 801 284 707 888 862 773 842 652 540 345 40 435 911 895 573 1168 732 449 718 785 811 903 463 743 391 1094 360 698 631 72 880 205 737 710 515 568 688 677 910 416 956 190 396 522 447 285 760 362 968 806 717 700 646 1106 756 581 690 232 977 294 1000 793 700 888 161 210 337 696 391 619 101 560 306 878 386 550 528 727 90 877 158 202 462 339 696 467 185 506 180 883 506 670 661 48 275 813 308 926 338 903 527 558 815 836 568 313 918 691 711 301 318 506 317 407 444 710 690 276 635 451 892 409 655 877 220 493 200 896 276 472 674 337 245 749 782 668 757 636 484 825 649 856 0 441 956 343 861 937 937 828 422 1041 673 641 437 772 696 652 321 1001 928 958 835 660 776 
777 56 881 903 366 466 776 446 503 451 156 346 300 556 782 144 693 896 326 918 639 650 485 754 156 846 325 535 562 882 845 614 223 140 303 481 726 840 630 178 878 319 645 685 475 688 648 152 307 130 804 83 270 806 511 728 562 779 270 86 205 391 551 1006 26 886 625 65 140 634 415 340 449 811 885 334 678 623 791 453 299 611 645 768 169 817 863 348 1014 514 612 330 765 195 591 340 568 597 786 469 126 746 488 452 933 299 371 21 444 274 707 265 613 511 534 87 823 752 488 635 638 272 722 203 767 491 191 873 963 138 173 941 254 509 531 663 100 144 117 140 591 832 234 353 560 975 366 271 995 221 514 573 799 547 36 262 396 683 309 836 236 691 450 109 941 396 989 441 0 1034 521 530 1036 869 751 55 816 233 795 23 732 867 687 632 799 826 772 620 548 845 
396 1091 913 179 684 805 429 609 977 907 935 732 1046 916 260 1163 813 142 756 122 541 405 582 295 892 189 760 593 864 176 192 660 1055 1169 747 963 589 339 733 966 875 1031 510 370 818 468 714 1175 1120 905 842 1021 1243 343 980 508 781 254 1145 1021 918 800 537 54 1017 329 924 975 950 510 698 1065 628 513 153 958 369 417 908 804 805 458 853 626 919 574 172 895 117 806 834 728 274 840 447 955 466 669 389 602 1014 456 697 866 104 1018 789 1044 646 1047 518 1008 457 783 917 1116 297 299 972 751 565 793 611 846 474 543 1225 161 144 1144 894 138 1107 640 655 711 984 1052 1118 899 506 274 851 788 516 64 672 1293 107 986 525 800 394 685 1029 1014 676 949 1156 197 1071 394 646 1143 141 739 144 956 1034 0 615 870 48 328 377 979 674 1112 323 1053 342 291 347 674 615 400 575 636 526 191 
560 572 967 446 183 604 259 340 372 295 502 407 687 328 427 666 779 505 417 493 117 381 367 324 436 458 196 460 722 521 430 607 651 660 230 355 218 588 677 550 944 688 128 396 623 518 677 630 742 400 875 475 784 308 376 594 205 396 736 551 518 538 408 571 497 630 361 456 509 119 107 724 94 676 464 640 376 329 905 594 459 392 312 713 363 719 450 596 554 209 278 201 353 348 308 343 242 129 565 97 566 228 523 254 533 410 183 539 85 673 186 407 164 184 740 609 340 317 365 225 549 250 664 321 607 246 704 471 502 657 349 576 704 483 57 218 521 482 566 426 429 356 290 491 112 550 214 792 541 395 188 229 583 102 533 642 136 407 764 439 670 444 418 616 488 476 524 343 521 615 0 704 599 611 513 472 781 696 310 533 447 373 314 165 731 615 683 592 386 433 
484 565 351 827 539 99 855 372 923 844 377 304 294 938 629 559 173 736 301 793 783 493 361 700 411 702 596 297 32 694 733 214 361 585 530 899 907 553 162 353 350 268 765 521 80 402 187 663 359 490 278 593 546 829 931 379 869 660 413 451 327 175 364 871 538 585 998 524 391 751 650 283 612 424 768 210 533 514 260 110 280 439 980 325 587 393 741 182 913 842 942 549 683 472 500 775 540 831 493 607 414 842 196 821 771 774 686 520 628 315 842 740 661 824 46 553 815 704 908 918 306 557 303 525 422 481 641 734 877 531 559 737 385 253 751 920 430 660 647 437 380 809 586 227 647 832 499 649 889 691 546 891 495 792 497 301 589 1057 398 707 364 481 294 605 849 228 904 861 530 870 704 0 897 575 494 503 343 406 800 551 533 863 607 869 356 504 359 238 385 730 
430 1093 952 154 680 827 399 620 955 888 943 744 1061 892 275 1168 847 161 767 118 518 421 596 286 897 201 753 614 892 204 191 689 1067 1173 744 942 558 376 764 976 914 1047 489 387 842 496 745 1175 1135 906 880 1020 1252 315 958 541 757 261 1157 1027 929 818 555 29 1018 369 896 975 958 490 687 1082 619 552 150 975 383 427 945 826 818 475 825 663 915 613 174 913 72 785 807 723 271 841 456 941 467 645 423 594 1022 428 719 847 125 1006 776 1047 636 1062 490 998 446 762 943 1119 270 290 951 723 593 788 645 845 509 546 1228 170 108 1150 891 176 1120 660 636 683 990 1048 1116 903 526 248 846 804 505 65 672 1299 67 978 523 775 429 664 1033 1028 669 920 1170 204 1084 416 662 1144 113 756 101 937 1036 48 599 897 0 367 406 981 713 1124 298 1055 364 258 350 647 654 438 612 665 542 191 
97 924 585 376 587 529 559 424 977 894 737 526 799 940 208 975 493 233 549 304 598 242 383 345 713 235 677 346 563 180 286 360 827 988 637 957 697 28 423 755 547 779 564 218 539 189 401 1021 875 752 515 881 1026 484 982 196 814 254 911 831 707 548 317 350 858 19 970 821 755 556 651 809 575 185 297 704 237 290 581 532 590 263 914 300 800 246 279 643 411 820 884 629 307 691 318 901 376 716 87 550 814 570 434 855 254 947 739 873 597 807 614 927 457 796 620 938 443 353 967 815 275 687 290 718 155 419 1048 256 398 951 769 191 874 385 666 788 795 929 973 728 277 422 746 554 499 315 557 1099 389 891 443 837 80 709 853 777 604 1012 913 256 841 185 423 976 374 502 418 937 869 328 611 575 367 0 118 816 346 885 449 891 165 473 303 737 287 74 249 337 321 282 
49 806 571 367 472 434 502 306 871 787 622 411 695 839 166 860 443 249 433 314 515 132 265 290 596 226 562 236 487 202 269 283 718 872 521 850 624 90 357 642 536 676 483 118 447 91 339 903 770 634 489 763 915 438 877 140 718 211 804 715 594 444 200 383 740 136 874 702 639 473 543 708 467 186 295 601 140 184 549 436 476 145 822 275 682 245 271 539 433 720 790 514 257 573 209 788 271 626 52 443 699 506 332 749 282 832 628 756 490 701 541 811 369 695 540 821 404 298 861 726 188 570 246 600 121 304 932 256 406 836 651 242 766 279 569 703 679 811 854 611 161 387 629 444 403 344 441 984 409 774 335 741 70 613 736 670 492 919 808 239 732 71 309 859 379 392 431 828 751 377 513 494 406 118 0 698 336 776 402 773 76 443 224 651 275 102 227 259 203 266 
725 112 852 847 312 432 724 392 485 426 126 297 300 531 726 195 661 840 278 862 589 596 432 698 108 790 276 485 535 827 789 571 230 194 250 462 680 788 593 161 847 316 594 630 443 637 610 204 320 75 772 89 313 752 493 679 526 724 292 94 176 353 499 951 42 834 600 25 114 582 367 341 397 764 830 317 623 568 763 419 255 558 614 725 133 772 807 322 959 480 580 277 709 140 535 321 513 553 734 416 128 695 444 423 877 292 330 68 393 275 658 257 559 475 511 140 769 697 470 597 590 222 678 151 717 436 247 817 907 185 129 886 270 462 484 623 86 157 160 88 539 778 190 312 506 919 311 325 939 209 459 539 748 504 61 257 344 659 329 781 246 637 400 164 886 352 934 422 55 979 472 503 981 816 698 0 776 253 741 75 677 813 631 589 755 775 727 576 495 789 
296 862 239 701 674 360 829 466 1095 1010 661 493 632 1084 503 878 190 570 506 640 816 428 426 624 669 557 757 334 317 517 604 206 689 900 698 1072 935 337 192 655 202 607 787 435 357 278 170 964 701 736 172 860 883 771 1102 202 981 548 753 751 616 427 374 694 817 345 1131 790 678 775 774 625 709 161 626 540 456 476 242 371 520 397 1092 68 817 100 603 493 753 970 1057 704 593 694 484 976 548 908 300 692 719 829 333 977 596 997 842 812 731 650 855 968 669 948 376 860 740 631 1082 1006 232 740 117 739 215 537 959 585 734 850 785 537 721 333 838 993 721 923 934 693 352 724 789 464 686 658 633 981 730 923 593 1005 289 883 789 630 713 1184 740 573 696 377 407 909 708 425 756 1041 816 674 781 343 713 346 336 776 0 740 736 839 409 779 546 939 61 275 110 208 396 600 
788 229 743 1010 518 384 932 503 736 679 196 380 112 785 852 173 579 970 357 1007 809 708 530 861 260 924 510 540 437 944 935 562 58 203 465 713 912 858 548 152 749 139 807 743 383 695 571 301 77 307 681 316 144 944 744 711 776 863 40 159 196 339 582 1095 257 900 853 278 187 794 598 137 609 781 976 199 743 697 649 375 307 658 867 707 387 769 950 251 1116 731 832 494 862 349 668 572 668 793 798 622 132 906 455 676 1008 533 577 213 612 90 878 499 748 725 390 195 951 861 720 846 619 453 671 385 754 588 249 954 1068 147 379 999 25 500 719 868 179 374 314 270 619 955 437 331 704 1059 500 243 1094 455 631 790 807 744 201 111 560 912 75 920 45 731 470 244 1044 383 1096 673 233 1112 696 406 1124 885 776 253 740 0 926 242 780 998 779 830 740 828 727 577 589 934 
449 850 964 144 428 710 115 448 657 592 733 565 886 594 244 936 809 253 585 211 220 320 444 112 676 223 485 504 806 292 175 629 873 935 492 645 272 438 710 774 931 879 192 304 728 462 698 921 954 665 877 764 1038 35 660 534 459 196 963 804 731 673 436 273 774 463 601 731 744 194 408 915 350 589 190 814 285 288 928 704 636 368 530 672 654 647 191 757 246 487 511 467 145 603 300 652 268 347 448 328 808 137 604 551 266 720 492 810 362 880 196 716 182 465 844 882 30 105 654 428 539 529 634 594 524 344 985 217 194 922 634 330 927 547 341 389 769 782 859 675 428 49 581 642 236 261 433 1066 235 702 294 477 463 366 799 846 404 627 984 200 891 361 515 899 185 605 215 641 795 323 310 800 298 449 402 741 736 926 0 811 327 72 197 351 676 489 626 606 415 179 
799 39 902 920 382 489 789 467 498 449 179 369 315 554 802 136 715 915 349 936 651 671 507 772 179 865 337 558 584 902 863 637 237 126 318 477 735 862 653 198 899 336 657 705 497 711 671 130 318 148 826 77 266 820 506 751 565 799 277 104 227 413 573 1025 36 908 623 79 163 646 426 355 463 834 904 353 698 643 812 476 322 633 646 791 175 840 882 369 1032 517 613 344 783 213 611 336 587 604 809 484 144 759 511 453 952 291 378 32 457 289 719 258 629 515 554 77 839 770 483 640 661 285 745 217 789 511 174 892 980 134 183 962 264 532 540 669 122 132 95 162 614 849 243 376 575 993 383 258 1012 216 532 576 822 555 54 279 409 680 317 855 249 713 473 89 959 419 1007 437 23 1053 533 551 1055 891 773 75 839 242 811 0 753 882 706 639 822 849 795 643 570 864 
124 788 641 304 426 463 425 287 812 729 613 403 707 775 100 849 502 203 427 260 442 82 252 215 579 169 515 251 530 167 206 331 722 859 480 792 549 141 410 639 607 690 409 54 477 143 394 881 782 609 557 736 915 362 817 209 651 140 810 704 590 459 198 338 719 183 807 679 630 400 487 724 410 262 237 617 72 126 613 462 474 122 753 346 648 320 211 554 380 656 722 469 183 546 156 739 211 556 125 385 692 430 355 690 240 786 575 738 433 710 466 768 297 631 580 806 330 223 802 655 235 530 312 567 196 259 917 201 347 827 618 219 772 297 503 631 667 779 829 592 164 314 589 450 336 299 399 976 356 734 279 675 143 546 720 677 441 851 818 177 737 52 309 841 320 400 374 772 732 342 447 533 364 165 76 677 409 780 327 753 0 370 148 579 349 173 299 307 191 203 
486 921 1011 117 500 775 141 517 708 646 805 635 957 640 277 1008 864 255 655 197 274 376 510 164 748 238 554 566 868 302 187 685 945 1007 563 697 300 466 766 846 978 949 250 356 793 510 753 991 1025 737 926 834 1110 65 710 580 506 231 1035 876 803 741 498 237 845 485 640 802 817 255 475 986 420 627 186 884 338 349 980 770 707 427 567 717 724 687 197 826 196 538 551 538 188 675 364 714 337 395 484 398 880 172 668 606 258 783 556 881 430 952 235 781 254 517 908 953 48 159 705 467 593 600 682 665 565 415 1057 223 150 994 704 329 999 610 399 425 841 850 929 747 487 56 651 711 307 235 505 1138 192 768 366 523 498 420 871 918 474 662 1055 217 963 410 582 970 149 673 163 696 867 291 373 863 258 473 443 813 779 998 72 882 370 0 256 393 719 521 669 662 478 191 
273 744 769 232 340 522 282 278 685 606 594 402 724 642 114 818 612 212 424 231 294 123 262 92 547 162 421 310 612 213 158 431 723 823 402 667 401 283 512 629 737 713 261 111 539 268 501 828 796 557 681 674 903 230 690 344 513 94 814 677 583 494 242 320 670 321 668 627 608 253 373 749 297 408 199 644 90 93 731 517 475 171 610 480 574 463 176 584 337 523 581 384 83 492 114 632 118 413 274 270 673 284 413 565 248 688 464 697 318 722 317 674 154 499 652 769 209 97 677 511 342 448 440 499 340 196 878 186 290 799 548 272 776 355 367 485 640 707 771 553 231 201 508 470 202 287 325 948 315 647 180 536 292 408 682 688 339 709 829 150 740 169 333 796 265 427 318 652 687 347 314 607 350 303 224 631 546 779 197 706 148 256 0 434 487 322 437 409 223 158 
699 675 1131 495 337 769 252 505 321 273 642 569 834 248 537 775 944 591 578 560 141 524 531 411 575 550 320 623 887 618 510 770 790 763 372 313 113 717 842 692 1106 837 175 532 788 669 841 714 883 524 1038 570 902 332 322 746 117 497 870 677 664 701 569 623 606 755 250 569 646 182 235 872 257 824 535 795 511 472 1070 758 618 543 181 870 463 871 530 754 589 160 160 344 447 483 457 369 391 38 703 262 698 220 688 238 611 443 261 651 242 818 157 453 282 145 904 716 377 403 320 79 708 376 822 445 754 408 799 555 540 771 459 666 841 648 118 54 651 559 651 560 587 400 398 653 253 612 373 893 582 460 346 131 721 86 650 788 287 280 902 528 809 585 583 713 534 641 556 321 632 674 165 869 647 737 651 589 939 830 351 639 579 393 434 0 886 752 837 755 546 514 
235 846 299 640 632 356 770 425 1053 968 645 465 635 1039 442 869 223 509 481 579 761 370 384 563 647 496 717 294 333 457 543 185 687 890 660 1030 879 278 195 644 263 610 731 376 356 221 171 948 707 711 227 838 884 711 1060 143 932 487 755 737 602 414 327 635 797 288 1084 768 663 719 729 632 662 102 565 541 397 419 295 365 500 342 1043 32 788 44 542 489 693 923 1008 664 532 665 430 939 494 856 239 644 708 771 311 934 536 964 800 796 684 651 798 936 613 900 394 847 679 571 1041 955 187 704 78 707 154 488 950 524 673 842 755 478 722 300 788 940 706 898 915 670 301 663 755 446 632 598 591 977 670 892 542 956 228 833 773 628 668 1135 746 512 695 318 373 895 647 403 696 1001 799 615 731 356 654 287 275 755 61 740 676 822 349 719 487 886 0 216 50 179 347 539 
56 880 515 432 568 463 594 389 972 888 689 480 738 941 246 926 418 296 502 366 616 234 346 379 670 289 659 294 491 242 338 290 771 941 614 951 723 62 351 703 477 717 583 220 472 137 328 979 814 715 442 845 970 525 978 125 820 293 852 783 656 489 278 419 818 81 976 782 706 573 643 746 568 114 355 642 241 286 508 467 539 239 924 226 770 176 334 582 478 822 892 609 344 657 310 885 374 728 50 545 763 601 373 850 320 926 727 829 591 747 639 904 470 798 549 892 487 388 962 828 210 663 216 687 82 402 1001 313 460 901 739 262 816 329 672 805 748 896 934 687 238 468 721 500 505 383 535 1047 455 866 437 844 32 716 808 718 591 1021 852 307 783 172 376 932 435 448 482 928 826 400 615 504 438 74 102 775 275 828 489 849 173 521 322 752 216 0 175 268 286 334 
188 821 345 593 589 344 719 383 1009 924 621 432 626 993 393 849 246 465 450 534 711 320 341 514 619 450 675 255 339 413 495 165 673 869 619 986 828 236 196 623 309 602 681 325 347 170 171 923 699 679 268 807 872 661 1016 93 885 438 745 714 580 394 281 593 769 253 1037 739 638 669 683 626 615 68 518 530 346 369 332 352 473 293 995 51 752 45 495 475 649 877 960 622 482 630 380 899 445 807 193 597 687 720 285 890 493 926 757 770 638 640 748 899 563 854 399 824 630 521 997 906 145 665 56 671 106 441 929 478 627 823 720 437 711 266 740 891 681 866 887 641 254 614 716 421 583 556 549 961 626 856 494 909 184 785 748 615 624 1088 738 464 682 267 336 870 601 375 651 958 772 575 683 359 612 249 227 727 110 727 626 795 299 669 437 837 50 175 0 153 301 492 
246 668 376 609 470 198 681 262 890 805 468 286 479 883 406 696 203 505 301 566 643 286 227 498 468 476 551 132 228 460 512 24 521 715 491 866 766 315 104 470 351 456 617 307 205 168 92 770 553 532 284 658 721 639 897 143 786 443 597 561 426 241 187 640 618 348 933 589 485 604 573 482 513 204 544 382 323 321 325 204 321 238 898 149 610 197 518 325 687 771 862 498 475 487 319 768 376 721 255 499 533 675 132 774 540 789 637 618 534 491 690 761 502 750 283 671 617 504 877 818 72 533 102 531 187 346 776 507 655 669 578 501 562 125 647 809 528 719 736 491 180 606 580 268 507 602 428 808 663 715 408 810 257 692 595 465 511 987 593 484 531 258 199 717 627 224 681 835 620 636 592 238 665 337 259 576 208 577 606 643 307 662 409 755 179 268 153 0 211 509 
233 603 587 450 291 298 477 103 709 624 423 212 519 691 267 660 410 384 236 429 431 121 62 315 393 341 380 89 391 355 361 229 531 671 330 687 554 293 306 447 561 504 406 156 315 155 301 699 593 431 495 560 723 444 716 220 585 287 619 515 399 276 23 514 537 339 736 499 440 393 382 539 314 308 400 432 160 129 534 294 282 69 696 328 484 341 373 370 545 575 660 328 302 371 115 607 165 513 242 296 501 468 190 589 422 643 457 553 337 521 480 619 292 553 429 619 430 320 697 611 163 378 278 401 245 141 730 372 504 637 452 410 582 132 442 600 478 610 651 408 50 424 435 262 296 477 254 786 522 580 199 609 256 487 534 488 323 788 629 340 546 145 120 656 477 213 532 660 548 526 386 385 542 321 203 495 396 589 415 570 191 478 223 546 347 286 301 211 0 360 
304 902 837 101 493 653 294 431 802 728 752 555 875 747 103 976 705 76 578 72 374 240 409 108 705 47 569 438 730 113 4 534 878 981 556 786 448 276 613 786 802 862 341 209 669 346 597 985 948 715 756 831 1061 211 805 406 612 72 968 835 739 636 375 161 828 294 762 785 766 338 510 897 439 443 41 791 200 238 814 651 629 295 696 541 728 505 18 729 185 633 672 536 83 650 266 769 276 503 301 412 831 313 544 686 100 830 601 856 457 874 367 819 271 609 777 927 165 115 795 593 438 601 512 656 385 355 1037 40 146 958 702 153 931 485 477 558 799 861 927 711 351 143 660 618 329 129 482 1107 162 795 334 633 313 512 841 840 486 794 982 27 895 251 478 954 119 572 173 776 845 191 433 730 191 282 266 789 600 934 179 864 203 191 158 514 539 334 492 509 360 0 
